current_time,real_current_time,ang_vel_body_0,ang_vel_body_1,ang_vel_body_2,gravity_vec_0,gravity_vec_1,gravity_vec_2,commands_0,commands_1,commands_2,dof_pos_0,dof_pos_1,dof_pos_2,dof_pos_3,dof_pos_4,dof_pos_5,dof_pos_6,dof_pos_7,dof_pos_8,dof_pos_9,dof_pos_10,dof_pos_11,dof_vel_0,dof_vel_1,dof_vel_2,dof_vel_3,dof_vel_4,dof_vel_5,dof_vel_6,dof_vel_7,dof_vel_8,dof_vel_9,dof_vel_10,dof_vel_11,actions_0,actions_1,actions_2,actions_3,actions_4,actions_5,actions_6,actions_7,actions_8,actions_9,actions_10,actions_11,zone_center_0,zone_center_1,zone_center_2,zone_radius_0,reaction_time_0,base_pos_0,base_pos_1,base_pos_2,oobb_0,zone_active_0,zone_pre_active_0
1.74506e+09,0,-3.71654e-06,0.000113202,-2.46315e-06,-0.0367524,-0.000147841,-0.999324,-1.20491,-1.57223,0.250686,0.0264562,0.00671637,-0.0940825,-0.0268059,0.00542772,-0.0941211,0.113943,-0.00187844,-0.075153,-0.11367,-0.00247407,-0.076212,9.73909e-06,-4.98961e-06,6.51329e-05,-6.54076e-06,-4.63946e-06,6.40575e-05,-2.35028e-05,-2.67831e-05,0.000107765,2.49078e-05,-2.72942e-05,0.000107945,0,0,0,0,0,0,0,0,0,0,0,0,0,0,0.2,0.1,2,-0.0360669,-0.00407032,0.340427,-0.0820392,0,0
1.74506e+09,0,-3.54205e-06,0.000113051,-2.4507e-06,-0.0367407,-0.000147474,-0.999325,1.02333,-1.44041,-0.590542,0.0264613,0.00671446,-0.0940496,-0.0268094,0.00542599,-0.0940889,0.113931,-0.00189161,-0.0750978,-0.113657,-0.00248754,-0.0761569,9.92261e-06,-2.50109e-06,6.15185e-05,-6.81257e-06,-2.1458e-06,6.04345e-05,-2.31674e-05,-2.42663e-05,0.000104654,2.44916e-05,-2.47691e-05,0.000104824,0,0,0,0,0,0,0,0,0,0,0,0,0,0,0.2,0.1,2,-0.036058,-0.00407009,0.340433,-0.0820321,0,0
1.74506e+09,0,8.78805e-07,0.0101252,-2.29045e-05,-0.0364553,-0.000146035,-0.999335,-1.57694,1.81291,-0.243269,0.0266935,0.00776255,-0.0965785,-0.0270357,0.00647134,-0.096615,0.114087,-0.00107867,-0.0767844,-0.113811,-0.00167531,-0.0778447,0.00154714,0.00689797,-0.017124,-0.00153286,0.00688345,-0.017111,0.00105573,0.00522777,-0.0113206,-0.00106431,0.00522588,-0.0113323,0,0,0,0,0,0,0,0,0,0,0,0,0,0,0.2,0.1,2,-0.0360378,-0.00406948,0.340165,-0.0823099,0,0
1.74506e+09,0,-3.57589e-05,0.0271457,-5.25463e-05,-0.0348822,-0.000144219,-0.999391,-0.995976,-1.97807,0.733804,0.0277069,0.0117896,-0.107454,-0.0280354,0.010491,-0.107487,0.114718,0.00161934,-0.083527,-0.114443,0.00101805,-0.08459,0.00320145,0.0117073,-0.0335587,-0.00315584,0.0116874,-0.0335559,0.00186687,0.00708297,-0.0199192,-0.00186526,0.00706424,-0.0199215,0,0,0,0,0,0,0,0,0,0,0,0,0,0,0.2,0.1,2,-0.0359866,-0.00406802,0.338902,-0.0836211,0,0
1.74506e+09,0,-2.11626e-06,0.0405409,-6.8106e-05,-0.031794,-0.000142742,-0.999494,-1.47992,0.121369,0.338163,0.0293872,0.0172594,-0.124473,-0.0296961,0.0159529,-0.12451,0.115615,0.00446033,-0.093129,-0.115343,0.00384879,-0.0941924,0.00421767,0.0125223,-0.0415774,-0.0041761,0.0125066,-0.0415962,0.00211686,0.00567274,-0.0226773,-0.00212801,0.00564808,-0.022679,0,0,0,0,0,0,0,0,0,0,0,0,0,0,0.2,0.1,2,-0.03595,-0.00406729,0.337046,-0.0855736,0,0
1.74506e+09,0,2.50177e-05,0.0457274,-7.16392e-05,-0.0282808,-0.000143994,-0.9996,-0.0900294,0.472367,0.753723,0.0311663,0.0220156,-0.14147,-0.0314598,0.0207037,-0.141518,0.116457,0.00629878,-0.102161,-0.116191,0.00567746,-0.103225,0.00456103,0.0111589,-0.0424867,-0.00452511,0.0111472,-0.0425179,0.00206867,0.00369773,-0.0221973,-0.00208681,0.00367314,-0.0222011,0,0,0,0,0,0,0,0,0,0,0,0,0,0,0.2,0.1,2,-0.0359736,-0.00406882,0.334962,-0.0877665,0,0
1.74506e+09,0,4.51385e-05,0.0448861,-6.83325e-05,-0.0246253,-0.000147068,-0.999697,0.843437,1.13123,-0.099385,0.0329795,0.0259652,-0.157845,-0.0332598,0.0246495,-0.157907,0.117246,0.00735366,-0.110627,-0.116987,0.00672281,-0.111694,0.00444956,0.00870814,-0.0391503,-0.0044185,0.00870057,-0.0391881,0.00187452,0.00180577,-0.0201486,-0.00189461,0.00178268,-0.0201527,0,0,0,0,0,0,0,0,0,0,0,0,0,0,0.2,0.1,2,-0.0361084,-0.00407435,0.332721,-0.0901218,0,0
1.74506e+09,0,4.84345e-05,0.0359369,-4.16175e-05,-0.0203729,-0.000153285,-0.999792,0.561078,-1.20852,0.453391,0.0351285,0.029451,-0.17602,-0.0353951,0.0281337,-0.176102,0.11813,0.00778532,-0.120119,-0.117881,0.00714636,-0.12119,0.00377838,0.00500614,-0.0307559,-0.00374856,0.00500684,-0.0307935,0.00156848,0.000335218,-0.0166721,-0.00157368,0.000328099,-0.0166878,0,0,0,0,0,0,0,0,0,0,0,0,0,0,0.2,0.1,2,-0.0364144,-0.00408588,0.330588,-0.0923876,0,0
1.74506e+09,0,7.63027e-05,0.0248764,-3.54451e-05,-0.0179756,-0.000158504,-0.999838,-0.209419,-1.5291,0.764065,0.036474,0.0308665,-0.186595,-0.0367313,0.0295508,-0.186693,0.11871,0.00786853,-0.12622,-0.118464,0.0072279,-0.127299,0.00300393,0.00235811,-0.0228205,-0.0029851,0.00236427,-0.0228605,0.00134904,0.000138368,-0.0140638,-0.0013609,0.000135911,-0.0140831,0,0,0,0,0,0,0,0,0,0,0,0,0,0,0.2,0.1,2,-0.0368459,-0.00410161,0.329036,-0.0940127,0,0
1.74506e+09,0,6.18682e-05,0.0138101,-3.25608e-05,-0.0164835,-0.000164261,-0.999864,-1.28915,0.437252,0.572591,0.0374928,0.0313036,-0.19401,-0.0377421,0.0299906,-0.194123,0.1192,0.00791228,-0.131256,-0.118958,0.00727093,-0.132342,0.00217542,0.000279153,-0.0153059,-0.00215314,0.000284897,-0.0153402,0.00112852,0.000130731,-0.011386,-0.00113329,0.000128801,-0.0114035,0,0,0,0,0,0,0,0,0,0,0,0,0,0,0.2,0.1,2,-0.0373474,-0.00411945,0.327988,-0.0951041,0,0
1.74506e+09,0,6.12275e-05,0.00484661,-2.73225e-05,-0.0157852,-0.000169298,-0.999875,0.671755,-0.208129,0.235152,0.0381945,0.0311027,-0.198722,-0.0384358,0.0297928,-0.198848,0.119601,0.00797796,-0.135228,-0.11936,0.00733626,-0.136321,0.00142374,-0.00116199,-0.00896048,-0.00140495,-0.00115264,-0.008994,0.00089559,0.000165338,-0.00875438,-0.000899254,0.000165273,-0.00877129,0,0,0,0,0,0,0,0,0,0,0,0,0,0,0.2,0.1,2,-0.037892,-0.00413856,0.327254,-0.0958543,0,0
1.74506e+09,0,5.14649e-05,-0.00305208,-2.14858e-05,-0.015754,-0.000174264,-0.999876,-0.504167,-1.67516,0.720101,0.0386451,0.0302371,-0.201164,-0.0388785,0.0289316,-0.201304,0.119933,0.00804043,-0.138436,-0.119694,0.00739896,-0.139536,0.000713702,-0.0025698,-0.0029269,-0.000696851,-0.00255971,-0.0029546,0.00064311,0.000117585,-0.00612921,-0.00064401,0.000118522,-0.00614369,0,0,0,0,0,0,0,0,0,0,0,0,0,0,0.2,0.1,2,-0.0384499,-0.00415795,0.326803,-0.0962977,0,0
1.74506e+09,0,3.11762e-05,-0.00627094,-1.00697e-05,-0.0161721,-0.000176637,-0.999869,0.525758,-1.79349,0.231709,0.0388434,0.0290808,-0.201631,-0.0390688,0.0277782,-0.201779,0.120151,0.00805986,-0.140494,-0.119909,0.00741875,-0.141598,0.000369688,-0.00299928,-0.000240897,-0.000355099,-0.00299275,-0.000254421,0.00047334,-1.93884e-05,-0.00448394,-0.000469473,-1.8275e-05,-0.00449292,0,0,0,0,0,0,0,0,0,0,0,0,0,0,0.2,0.1,2,-0.0390522,-0.00417849,0.32656,-0.0965163,0,0
1.74506e+09,0,3.98265e-05,-0.0065847,-5.1116e-06,-0.0166975,-0.000179855,-0.99986,1.35431,-0.326527,0.26983,0.0389578,0.0278986,-0.201518,-0.0391808,0.0265985,-0.20167,0.120315,0.00802445,-0.142058,-0.120074,0.00738382,-0.143165,0.000234417,-0.00288044,0.000578768,-0.000231722,-0.00287436,0.00056879,0.00036277,-0.000135172,-0.00350294,-0.000367308,-0.000134092,-0.00350917,0,0,0,0,0,0,0,0,0,0,0,0,0,0,0.2,0.1,2,-0.0395534,-0.00419529,0.32645,-0.0965989,0,0
1.74506e+09,0,2.85937e-05,-0.00595712,-2.08509e-06,-0.0172492,-0.000182795,-0.999851,-0.23917,-0.0588453,-0.14543,0.0390407,0.0267015,-0.201175,-0.0392628,0.0254041,-0.201331,0.120454,0.00794935,-0.143407,-0.120215,0.00730908,-0.144516,0.000153564,-0.00257599,0.000914813,-0.000151336,-0.00256964,0.000905392,0.000283133,-0.000189736,-0.00272759,-0.000285332,-0.00018883,-0.00273178,0,0,0,0,0,0,0,0,0,0,0,0,0,0,0.2,0.1,2,-0.0399927,-0.00420985,0.326384,-0.0966372,0,0
1.74506e+09,0,2.22531e-05,-0.0051541,-1.30002e-06,-0.017692,-0.000184796,-0.999843,-1.11534,0.970121,0.399896,0.0390894,0.0257438,-0.200776,-0.0393106,0.0244488,-0.200935,0.120554,0.00787032,-0.144364,-0.120315,0.0072304,-0.145475,9.91558e-05,-0.00223309,0.00103172,-9.72138e-05,-0.00222789,0.00102447,0.000223683,-0.0002018,-0.00213114,-0.00022517,-0.00020104,-0.00213437,0,0,0,0,0,0,0,0,0,0,0,0,0,0,0.2,0.1,2,-0.0403983,-0.00422325,0.326339,-0.0966592,0,0
1.74506e+09,0,1.68236e-05,-0.00415375,-9.29573e-07,-0.0180613,-0.000186334,-0.999837,1.04492,1.65598,-0.0714802,0.0391209,0.0249378,-0.200375,-0.0393414,0.0236446,-0.200536,0.120632,0.00778902,-0.145099,-0.120393,0.00714934,-0.146211,6.45576e-05,-0.00182968,0.000956664,-6.29499e-05,-0.00182584,0.000951655,0.000169993,-0.000203324,-0.00160711,-0.000171113,-0.000202776,-0.00160948,0,0,0,0,0,0,0,0,0,0,0,0,0,0,0.2,0.1,2,-0.040721,-0.00423388,0.32631,-0.0966677,0,0
1.74506e+09,0,1.10444e-05,-0.00312499,-3.56065e-07,-0.0183473,-0.000187425,-0.999832,1.00871,-0.837019,0.736689,0.0391409,0.0242983,-0.200024,-0.0393608,0.0230063,-0.200187,0.120688,0.00770891,-0.145635,-0.12045,0.00706947,-0.146748,3.68984e-05,-0.00141467,0.000821395,-3.56334e-05,-0.00141239,0.00081906,0.000119342,-0.000195413,-0.00112472,-0.000120021,-0.000195167,-0.00112605,0,0,0,0,0,0,0,0,0,0,0,0,0,0,0.2,0.1,2,-0.0409236,-0.00424052,0.326296,-0.0966677,0,0
1.74506e+09,0,6.17163e-06,-0.00220786,-1.47679e-07,-0.0185762,-0.000188149,-0.999828,-0.0467093,1.14159,-0.612392,0.0391497,0.0237769,-0.19969,-0.0393692,0.0224856,-0.199854,0.120729,0.00763333,-0.146022,-0.120492,0.00699389,-0.147135,8.01412e-06,-0.00100447,0.000704221,-7.15519e-06,-0.00100303,0.000702994,7.57109e-05,-0.000140091,-0.000709272,-7.60664e-05,-0.000140169,-0.000709704,0,0,0,0,0,0,0,0,0,0,0,0,0,0,0.2,0.1,2,-0.0411013,-0.00424631,0.326288,-0.0966634,0,0
1.74506e+09,0,3.26825e-06,-0.00158374,-2.45206e-08,-0.0187242,-0.000188507,-0.999825,-0.598176,1.40541,-0.0993734,0.039149,0.0234444,-0.199434,-0.0393682,0.0221536,-0.199598,0.120754,0.00759304,-0.146249,-0.120516,0.00695348,-0.147362,-8.54186e-06,-0.000699465,0.000587995,9.10465e-06,-0.000698507,0.000587291,5.05467e-05,-7.06353e-05,-0.000465174,-5.0699e-05,-7.08028e-05,-0.000465239,0,0,0,0,0,0,0,0,0,0,0,0,0,0,0.2,0.1,2,-0.0412089,-0.0042498,0.326287,-0.0966566,0,0
1.74506e+09,0,1.66723e-06,-0.00110806,-1.00532e-07,-0.0188291,-0.000188685,-0.999823,-1.68737,1.14783,-0.322786,0.0391436,0.0232191,-0.199225,-0.0393626,0.0219285,-0.199389,0.12077,0.00757658,-0.146395,-0.120532,0.00693703,-0.147508,-1.47871e-05,-0.000464293,0.000461946,1.5145e-05,-0.000463543,0.000461233,3.28389e-05,-2.20632e-05,-0.000294257,-3.28949e-05,-2.22597e-05,-0.000294187,0,0,0,0,0,0,0,0,0,0,0,0,0,0,0.2,0.1,2,-0.0412833,-0.00425219,0.32629,-0.0966487,0,0
1.74506e+09,0,1.20219e-06,-0.000787956,-2.66258e-07,-0.0189096,-0.000188807,-0.999821,-1.76478,-0.741751,0.601551,0.039139,0.0230545,-0.199058,-0.0393578,0.0217643,-0.199222,0.120782,0.00757253,-0.146502,-0.120544,0.00693285,-0.147615,-6.95873e-06,-0.000317201,0.000323506,7.29021e-06,-0.000316635,0.000322866,2.40884e-05,-2.75652e-06,-0.000212204,-2.41505e-05,-2.95266e-06,-0.000212145,0,0,0,0,0,0,0,0,0,0,0,0,0,0,0.2,0.1,2,-0.0413236,-0.00425348,0.326292,-0.0966425,0,0
1.74506e+09,0,1.1102e-06,-0.000659657,-3.10277e-07,-0.0189661,-0.000188898,-0.99982,-1.75639,-1.70994,-0.601004,0.0391371,0.0229395,-0.198942,-0.0393559,0.0216495,-0.199106,0.120791,0.00757134,-0.146579,-0.120553,0.00693154,-0.147692,-3.23044e-06,-0.000270173,0.000270435,3.55404e-06,-0.000269717,0.000269925,2.04792e-05,-3.74203e-06,-0.0001811,-2.05551e-05,-3.93452e-06,-0.000181044,0,0,0,0,0,0,0,0,0,0,0,0,0,0,0.2,0.1,2,-0.041362,-0.00425472,0.326294,-0.0966375,0,0
1.74506e+09,0,1.12699e-06,-0.000618151,-3.19976e-07,-0.0190167,-0.000188988,-0.999819,0.787573,-0.502093,0.777009,0.0391362,0.0228361,-0.198839,-0.0393548,0.0215462,-0.199004,0.120799,0.00756931,-0.146648,-0.120561,0.00692952,-0.147761,-1.62674e-06,-0.000251105,0.000248432,1.94033e-06,-0.000250698,0.000247988,1.86731e-05,-6.06037e-06,-0.000165713,-1.87615e-05,-6.24416e-06,-0.000165664,0,0,0,0,0,0,0,0,0,0,0,0,0,0,0.2,0.1,2,-0.0413932,-0.00425573,0.326296,-0.0966331,0,0
1.74506e+09,0,1.16251e-06,-0.000608088,-3.22358e-07,-0.0190705,-0.00018909,-0.999818,-0.724558,0.209576,0.100436,0.0391357,0.0227283,-0.198733,-0.0393542,0.0214387,-0.198898,0.120806,0.00756621,-0.146718,-0.120569,0.0069263,-0.147831,-7.8207e-07,-0.00024072,0.00023694,1.08872e-06,-0.000240347,0.000236548,1.75787e-05,-7.7551e-06,-0.000156211,-1.76778e-05,-7.92988e-06,-0.000156171,0,0,0,0,0,0,0,0,0,0,0,0,0,0,0.2,0.1,2,-0.0414232,-0.0042567,0.326298,-0.0966284,0,0
1.74506e+09,0,1.18933e-06,-0.000605183,-3.22963e-07,-0.019119,-0.000189184,-0.999817,-1.50472,-1.88544,0.20362,0.0391355,0.0226334,-0.198639,-0.0393539,0.0213438,-0.198805,0.120813,0.00756288,-0.146779,-0.120576,0.00692284,-0.147892,-2.81754e-07,-0.000234859,0.000230163,5.84427e-07,-0.000234508,0.000229805,1.69531e-05,-8.91529e-06,-0.000150764,-1.70592e-05,-9.08284e-06,-0.000150733,0,0,0,0,0,0,0,0,0,0,0,0,0,0,0.2,0.1,2,-0.0414556,-0.00425775,0.326301,-0.0966235,0,0
1.74506e+09,0,1.20785e-06,-0.000600541,-3.23476e-07,-0.0191673,-0.000189281,-0.999816,0.91721,-1.88886,-0.0902843,0.0391355,0.0225405,-0.198549,-0.0393537,0.021251,-0.198714,0.12082,0.00755906,-0.146839,-0.120583,0.00691903,-0.147952,1.49999e-07,-0.000230416,0.000224344,1.49962e-07,-0.000230083,0.000224012,1.65103e-05,-9.927e-06,-0.000146994,-1.66215e-05,-1.00882e-05,-0.00014697,0,0,0,0,0,0,0,0,0,0,0,0,0,0,0.2,0.1,2,-0.0414847,-0.00425869,0.326303,-0.0966188,0,0
1.74506e+09,0,1.21886e-06,-0.000592815,-3.24128e-07,-0.019215,-0.000189378,-0.999815,-1.63014,1.02757,0.0261934,0.0391356,0.0224491,-0.19846,-0.0393538,0.0211598,-0.198626,0.120827,0.00755489,-0.146897,-0.120589,0.00691473,-0.14801,5.76066e-07,-0.000226579,0.000218628,-2.78073e-07,-0.00022626,0.000218316,1.61672e-05,-1.08838e-05,-0.00014418,-1.62818e-05,-1.10395e-05,-0.000144163,0,0,0,0,0,0,0,0,0,0,0,0,0,0,0.2,0.1,2,-0.0415135,-0.00425963,0.326305,-0.0966142,0,0
1.74506e+09,0,1.22418e-06,-0.000581488,-3.24983e-07,-0.0192666,-0.000189487,-0.999814,0.369123,1.04885,0.422011,0.039136,0.0223504,-0.198365,-0.039354,0.0210612,-0.198531,0.120834,0.00754988,-0.14696,-0.120596,0.00690973,-0.148073,1.04907e-06,-0.000222707,0.000212301,-7.52701e-07,-0.000222399,0.000212004,1.58572e-05,-1.18912e-05,-0.000141739,-1.59741e-05,-1.20416e-05,-0.000141729,0,0,0,0,0,0,0,0,0,0,0,0,0,0,0.2,0.1,2,-0.041542,-0.00426055,0.326307,-0.0966095,0,0
1.74506e+09,0,1.22446e-06,-0.000569623,-3.2577e-07,-0.0193126,-0.000189585,-0.999813,0.941623,0.892823,-0.624445,0.0391365,0.022262,-0.198282,-0.0393544,0.020973,-0.198447,0.12084,0.00754488,-0.147016,-0.120603,0.00690472,-0.148129,1.4821e-06,-0.000219358,0.000206519,-1.18689e-06,-0.000219058,0.000206231,1.561e-05,-1.27792e-05,-0.000139858,-1.57281e-05,-1.29253e-05,-0.000139855,0,0,0,0,0,0,0,0,0,0,0,0,0,0,0.2,0.1,2,-0.0415729,-0.00426156,0.32631,-0.096605,0,0
1.74506e+09,0,1.22151e-06,-0.000556825,-3.26509e-07,-0.0193576,-0.000189683,-0.999812,1.86856,-0.343818,-0.779766,0.0391372,0.022175,-0.1982,-0.039355,0.0208861,-0.198366,0.120846,0.00753963,-0.147072,-0.120609,0.00689936,-0.148185,1.91809e-06,-0.000216074,0.000200701,-1.62385e-06,-0.000215782,0.00020042,1.53793e-05,-1.36498e-05,-0.000138139,-1.5498e-05,-1.3792e-05,-0.000138141,0,0,0,0,0,0,0,0,0,0,0,0,0,0,0.2,0.1,2,-0.0416007,-0.00426246,0.326311,-0.0966008,0,0
1.74506e+09,0,1.2158e-06,-0.000542523,-3.27231e-07,-0.0194059,-0.000189791,-0.999812,0.533624,1.24903,0.2585,0.0391382,0.0220807,-0.198113,-0.0393558,0.0207919,-0.19828,0.120853,0.00753343,-0.147132,-0.120616,0.00689304,-0.148245,2.38542e-06,-0.00021261,0.000194465,-2.09208e-06,-0.000212324,0.000194189,1.51441e-05,-1.45641e-05,-0.000136412,-1.5263e-05,-1.47027e-05,-0.000136419,0,0,0,0,0,0,0,0,0,0,0,0,0,0,0.2,0.1,2,-0.0416281,-0.00426335,0.326313,-0.0965967,0,0
1.74506e+09,0,1.2089e-06,-0.000529347,-3.27761e-07,-0.0194488,-0.000189889,-0.999811,-1.18008,-0.795515,0.419571,0.0391392,0.0219964,-0.198037,-0.0393567,0.0207077,-0.198203,0.120859,0.00752735,-0.147186,-0.120622,0.00688696,-0.148299,2.80943e-06,-0.000209476,0.000188808,-2.51685e-06,-0.000209196,0.000188535,1.49337e-05,-1.53855e-05,-0.000134873,-1.50522e-05,-1.55209e-05,-0.000134884,0,0,0,0,0,0,0,0,0,0,0,0,0,0,0.2,0.1,2,-0.0416577,-0.00426431,0.326315,-0.0965927,0,0
1.74506e+09,0,1.20097e-06,-0.000516326,-3.28181e-07,-0.0194905,-0.000189985,-0.99981,1.15589,-1.9933,-0.512288,0.0391404,0.0219132,-0.197963,-0.0393578,0.0206247,-0.198129,0.120865,0.00752103,-0.14724,-0.120628,0.00688064,-0.148353,3.22445e-06,-0.000206411,0.000183271,-2.93257e-06,-0.000206135,0.000182999,1.47294e-05,-1.6182e-05,-0.000133381,-1.48475e-05,-1.63147e-05,-0.000133396,0,0,0,0,0,0,0,0,0,0,0,0,0,0,0.2,0.1,2,-0.041687,-0.00426527,0.326317,-0.0965889,0,0
1.74506e+09,0,1.19251e-06,-0.000503794,-3.28547e-07,-0.0195313,-0.000190082,-0.999809,0.580562,1.44468,0.588454,0.0391418,0.0218313,-0.197891,-0.0393591,0.0205429,-0.198057,0.120871,0.00751448,-0.147293,-0.120634,0.00687397,-0.148406,3.61559e-06,-0.00020353,0.000178047,-3.32434e-06,-0.000203258,0.000177777,1.4541e-05,-1.69198e-05,-0.000132013,-1.46585e-05,-1.70499e-05,-0.000132032,0,0,0,0,0,0,0,0,0,0,0,0,0,0,0.2,0.1,2,-0.0417106,-0.00426603,0.326318,-0.0965857,0,0
1.74506e+09,0,1.18247e-06,-0.000489966,-3.28787e-07,-0.0195749,-0.000190187,-0.999808,1.52299,0.43916,0.782551,0.0391435,0.0217426,-0.197814,-0.0393606,0.0204542,-0.19798,0.120877,0.00750673,-0.147351,-0.12064,0.00686622,-0.148464,4.05318e-06,-0.000200278,0.000172205,-3.76267e-06,-0.00020001,0.000171935,1.43249e-05,-1.77466e-05,-0.000130431,-1.44416e-05,-1.78741e-05,-0.000130453,0,0,0,0,0,0,0,0,0,0,0,0,0,0,0.2,0.1,2,-0.0417365,-0.00426688,0.326319,-0.0965822,0,0
1.74506e+09,0,1.17312e-06,-0.000477805,-3.28938e-07,-0.0196136,-0.000190281,-0.999807,0.57516,-1.7188,-0.630382,0.0391452,0.0216631,-0.197746,-0.0393622,0.0203749,-0.197912,0.120883,0.00749946,-0.147403,-0.120646,0.00685894,-0.148516,4.43505e-06,-0.000197433,0.000167103,-4.14518e-06,-0.000197168,0.000166834,1.41371e-05,-1.84601e-05,-0.000129057,-1.4253e-05,-1.85854e-05,-0.000129082,0,0,0,0,0,0,0,0,0,0,0,0,0,0,0.2,0.1,2,-0.0417646,-0.00426779,0.32632,-0.096579,0,0
1.74506e+09,0,1.16364e-06,-0.000465932,-3.2901e-07,-0.0196513,-0.000190375,-0.999807,-1.66493,-0.422918,0.0328905,0.0391471,0.0215847,-0.19768,-0.039364,0.0202966,-0.197847,0.120888,0.00749195,-0.147454,-0.120651,0.00685132,-0.148567,4.8082e-06,-0.00019464,0.000162117,-4.51898e-06,-0.000194378,0.000161847,1.39524e-05,-1.91525e-05,-0.000127702,-1.40674e-05,-1.92757e-05,-0.000127729,0,0,0,0,0,0,0,0,0,0,0,0,0,0,0.2,0.1,2,-0.0417897,-0.00426861,0.326321,-0.096576,0,0
1.74506e+09,0,1.15131e-06,-0.000451055,-3.29041e-07,-0.0196989,-0.000190496,-0.999806,0.233842,-0.763803,0.7132,0.0391497,0.0214844,-0.197598,-0.0393665,0.0201965,-0.197764,0.120895,0.00748181,-0.14752,-0.120659,0.00684106,-0.148633,5.27143e-06,-0.000191163,0.000155922,-4.98303e-06,-0.000190904,0.000155651,1.37247e-05,-1.99991e-05,-0.000126027,-1.38385e-05,-2.01198e-05,-0.000126058,0,0,0,0,0,0,0,0,0,0,0,0,0,0,0.2,0.1,2,-0.041822,-0.00426966,0.326322,-0.0965731,0,0
1.74506e+09,0,1.14182e-06,-0.000439896,-3.28981e-07,-0.0197345,-0.000190588,-0.999805,-1.47098,1.59922,-0.203793,0.0391519,0.0214086,-0.197536,-0.0393685,0.0201207,-0.197703,0.120901,0.00747359,-0.14757,-0.120664,0.00683284,-0.148683,5.62062e-06,-0.000188524,0.00015125,-5.33288e-06,-0.000188268,0.000150979,1.35507e-05,-2.06337e-05,-0.000124744,-1.36635e-05,-2.07525e-05,-0.000124777,0,0,0,0,0,0,0,0,0,0,0,0,0,0,0.2,0.1,2,-0.0418464,-0.00427045,0.326323,-0.0965705,0,0
1.74506e+09,0,1.1324e-06,-0.000429044,-3.28882e-07,-0.0197692,-0.00019068,-0.999805,1.84243,-1.42393,-0.554416,0.0391542,0.0213337,-0.197477,-0.0393707,0.0200459,-0.197644,0.120906,0.00746524,-0.14762,-0.12067,0.00682449,-0.148733,5.95865e-06,-0.000185959,0.000146725,-5.67157e-06,-0.000185705,0.000146453,1.33822e-05,-2.12408e-05,-0.000123498,-1.34941e-05,-2.13578e-05,-0.000123534,0,0,0,0,0,0,0,0,0,0,0,0,0,0,0.2,0.1,2,-0.0418705,-0.00427124,0.326324,-0.096568,0,0
1.74506e+09,0,1.12222e-06,-0.000417534,-3.28737e-07,-0.0198064,-0.00019078,-0.999804,-1.4185,1.42621,0.348816,0.0391569,0.0212526,-0.197413,-0.0393733,0.0199649,-0.19758,0.120912,0.00745571,-0.147674,-0.120675,0.00681484,-0.148787,6.31518e-06,-0.000183246,0.00014195,-6.02881e-06,-0.000182994,0.000141677,1.32052e-05,-2.18732e-05,-0.000122188,-1.33162e-05,-2.19884e-05,-0.000122225,0,0,0,0,0,0,0,0,0,0,0,0,0,0,0.2,0.1,2,-0.0418943,-0.00427202,0.326324,-0.0965656,0,0
1.74506e+09,0,1.11301e-06,-0.000407261,-3.28548e-07,-0.0198393,-0.000190869,-0.999803,-1.30696,1.21418,0.361154,0.0391595,0.0211798,-0.197357,-0.0393758,0.0198923,-0.197525,0.120917,0.00744689,-0.147722,-0.120681,0.00680602,-0.148835,6.63437e-06,-0.000180799,0.000137673,-6.34868e-06,-0.000180549,0.000137399,1.30446e-05,-2.24352e-05,-0.000120994,-1.31546e-05,-2.25488e-05,-0.000121033,0,0,0,0,0,0,0,0,0,0,0,0,0,0,0.2,0.1,2,-0.0419201,-0.00427286,0.326325,-0.0965634,0,0
1.74506e+09,0,1.1054e-06,-0.000397251,-3.28474e-07,-0.0198715,-0.000190958,-0.999802,-1.69021,0.465887,0.47418,0.0391622,0.021108,-0.197303,-0.0393784,0.0198206,-0.197471,0.120923,0.00743783,-0.14777,-0.120686,0.00679684,-0.148883,6.9454e-06,-0.000178401,0.000133504,-6.66038e-06,-0.000178154,0.000133229,1.28865e-05,-2.29807e-05,-0.000119816,-1.29961e-05,-2.30905e-05,-0.000119861,0,0,0,0,0,0,0,0,0,0,0,0,0,0,0.2,0.1,2,-0.0419433,-0.00427361,0.326325,-0.0965613,0,0
1.74506e+09,0,1.14605e-06,-0.00038882,-3.43036e-07,-0.0199028,-0.000191048,-0.999802,0.634748,-0.374443,0.315912,0.0391651,0.0210371,-0.197251,-0.0393811,0.0197498,-0.197418,0.120928,0.00742853,-0.147818,-0.120691,0.00678778,-0.148931,7.2303e-06,-0.000176353,0.000129709,-6.93616e-06,-0.000176102,0.000129417,1.28178e-05,-2.33074e-05,-0.000119182,-1.3009e-05,-2.31436e-05,-0.000119207,0,0,0,0,0,0,0,0,0,0,0,0,0,0,0.2,0.1,2,-0.0419662,-0.00427436,0.326325,-0.0965593,0,0
1.74506e+09,0,1.17654e-06,-0.000382568,-3.44522e-07,-0.0199337,-0.000191142,-0.999801,1.11158,0.948227,0.0792705,0.039168,0.0209669,-0.1972,-0.039384,0.0196797,-0.197367,0.120933,0.00741923,-0.147866,-0.120696,0.00677848,-0.148979,7.47282e-06,-0.000174781,0.000126465,-7.18437e-06,-0.000174528,0.000126165,1.281e-05,-2.3385e-05,-0.000119262,-1.29528e-05,-2.33656e-05,-0.000119466,0,0,0,0,0,0,0,0,0,0,0,0,0,0,0.2,0.1,2,-0.0419912,-0.00427518,0.326325,-0.096557,0,0
1.74506e+09,1,1.20017e-06,-0.000376583,-3.41458e-07,-0.019967,-0.000191247,-0.999801,0.209962,1.17206,0.315009,0.0391713,0.0208904,-0.197145,-0.0393872,0.0196033,-0.197312,0.120938,0.00740886,-0.147918,-0.120702,0.00676811,-0.149031,7.71339e-06,-0.000173226,0.000123202,-7.43175e-06,-0.000172971,0.000122894,1.28231e-05,-2.34417e-05,-0.000119403,-1.29606e-05,-2.3453e-05,-0.000119596,0,0,0,0,0,0,0,0,0,0,0,0,0,0,0.2,0.1,2,-0.0420115,-0.00427584,0.326325,-0.0965553,0,0
1.74506e+09,1,1.20648e-06,-0.000371336,-3.38093e-07,-0.0199969,-0.000191344,-0.9998,-0.151829,-1.7967,0.783143,0.0391745,0.0208214,-0.197096,-0.0393902,0.0195343,-0.197264,0.120944,0.00739944,-0.147966,-0.120707,0.00675869,-0.149079,7.92983e-06,-0.000171837,0.000120292,-7.64964e-06,-0.00017158,0.000119979,1.28346e-05,-2.35076e-05,-0.000119495,-1.29673e-05,-2.35327e-05,-0.000119667,0,0,0,0,0,0,0,0,0,0,0,0,0,0,0.2,0.1,2,-0.0420339,-0.00427658,0.326325,-0.0965538,0,0
1.74506e+09,1,1.2229e-06,-0.000366188,-3.36522e-07,-0.0200264,-0.000191442,-0.999799,-1.68209,0.780869,-0.233321,0.0391777,0.020753,-0.197049,-0.0393933,0.019466,-0.197217,0.120949,0.00739002,-0.148014,-0.120712,0.00674927,-0.149127,8.13962e-06,-0.000170473,0.000117438,-7.86573e-06,-0.000170215,0.00011712,1.28434e-05,-2.357e-05,-0.000119588,-1.29785e-05,-2.36046e-05,-0.000119744,0,0,0,0,0,0,0,0,0,0,0,0,0,0,0.2,0.1,2,-0.0420585,-0.00427739,0.326325,-0.0965524,0,0
1.74506e+09,1,1.22821e-06,-0.000361121,-3.34787e-07,-0.0200555,-0.000191541,-0.999799,-0.722005,-1.36238,-0.165766,0.039181,0.0206851,-0.197002,-0.0393965,0.0193982,-0.19717,0.120954,0.0073806,-0.148062,-0.120718,0.00673985,-0.149175,8.34506e-06,-0.000169152,0.000114665,-8.07381e-06,-0.000168894,0.000114343,1.28526e-05,-2.36399e-05,-0.00011967,-1.29871e-05,-2.36814e-05,-0.000119814,0,0,0,0,0,0,0,0,0,0,0,0,0,0,0.2,0.1,2,-0.0420807,-0.00427811,0.326325,-0.0965511,0,0
1.74506e+09,1,1.2299e-06,-0.000355677,-3.33166e-07,-0.020087,-0.000191649,-0.999798,-1.81429,1.66022,-0.428239,0.0391847,0.020611,-0.196952,-0.0394001,0.0193242,-0.197121,0.12096,0.00737023,-0.148114,-0.120723,0.00672936,-0.149228,8.56309e-06,-0.00016776,0.000111726,-8.29365e-06,-0.000167501,0.000111401,1.28629e-05,-2.372e-05,-0.000119759,-1.29962e-05,-2.37669e-05,-0.000119893,0,0,0,0,0,0,0,0,0,0,0,0,0,0,0.2,0.1,2,-0.0421028,-0.00427884,0.326324,-0.0965498,0,0
1.74506e+09,1,1.2292e-06,-0.000350771,-3.31904e-07,-0.0201152,-0.000191748,-0.999798,0.710597,1.19716,0.610842,0.0391882,0.0205441,-0.196908,-0.0394035,0.0192575,-0.197077,0.120965,0.0073607,-0.148162,-0.120729,0.00671983,-0.149276,8.76005e-06,-0.000166496,0.000109074,-8.49172e-06,-0.000166237,0.000108746,1.28702e-05,-2.3798e-05,-0.000119819,-1.30025e-05,-2.38484e-05,-0.000119946,0,0,0,0,0,0,0,0,0,0,0,0,0,0,0.2,0.1,2,-0.0421248,-0.00427956,0.326324,-0.0965487,0,0
1.74506e+09,1,1.22712e-06,-0.000345944,-3.30801e-07,-0.020143,-0.000191847,-0.999797,-0.638849,0.112396,-0.637941,0.0391917,0.0204778,-0.196865,-0.0394069,0.0191913,-0.197034,0.12097,0.00735116,-0.14821,-0.120734,0.00671029,-0.149324,8.95332e-06,-0.000165254,0.000106473,-8.68575e-06,-0.000164995,0.000106142,1.28762e-05,-2.38795e-05,-0.000119865,-1.30074e-05,-2.39325e-05,-0.000119988,0,0,0,0,0,0,0,0,0,0,0,0,0,0,0.2,0.1,2,-0.042151,-0.00428042,0.326323,-0.0965478,0,0
1.74506e+09,1,1.2241e-06,-0.000341203,-3.2982e-07,-0.0201705,-0.000191945,-0.999796,-0.316618,0.466128,-0.728352,0.0391954,0.020412,-0.196823,-0.0394104,0.0191256,-0.196992,0.120975,0.00734162,-0.148258,-0.120739,0.00670075,-0.149372,9.14217e-06,-0.00016404,0.000103931,-8.87512e-06,-0.000163781,0.000103599,1.28812e-05,-2.39634e-05,-0.000119903,-1.30114e-05,-2.40181e-05,-0.000120022,0,0,0,0,0,0,0,0,0,0,0,0,0,0,0.2,0.1,2,-0.0421705,-0.00428106,0.326323,-0.0965469,0,0
1.74506e+09,1,1.22045e-06,-0.000336543,-3.28925e-07,-0.0201976,-0.000192044,-0.999796,-1.72063,-1.86519,-0.19704,0.0391991,0.0203466,-0.196782,-0.039414,0.0190603,-0.196951,0.12098,0.00733197,-0.148306,-0.120744,0.0066911,-0.14942,9.3277e-06,-0.000162843,0.000101434,-9.06099e-06,-0.000162586,0.000101101,1.28847e-05,-2.40512e-05,-0.000119925,-1.30138e-05,-2.41072e-05,-0.000120042,0,0,0,0,0,0,0,0,0,0,0,0,0,0,0.2,0.1,2,-0.0421922,-0.00428177,0.326322,-0.0965462,0,0
1.74506e+09,1,1.21597e-06,-0.000331524,-3.28027e-07,-0.020227,-0.000192152,-0.999795,-1.3397,1.82395,-0.662071,0.0392032,0.0202753,-0.196738,-0.039418,0.0189891,-0.196907,0.120986,0.00732136,-0.148359,-0.12075,0.00668049,-0.149473,9.5254e-06,-0.000161569,9.87716e-05,-9.25893e-06,-0.000161313,9.84375e-05,1.28882e-05,-2.4148e-05,-0.000119947,-1.30163e-05,-2.42048e-05,-0.000120062,0,0,0,0,0,0,0,0,0,0,0,0,0,0,0.2,0.1,2,-0.0422137,-0.00428248,0.326321,-0.0965454,0,0
1.74506e+09,1,1.21163e-06,-0.000327046,-3.27262e-07,-0.0202533,-0.000192249,-0.999795,1.32484,0.902711,0.418829,0.0392071,0.0202109,-0.196699,-0.0394218,0.0189248,-0.196868,0.120991,0.0073117,-0.148407,-0.120755,0.00667083,-0.149521,9.7012e-06,-0.000160434,9.64039e-05,-9.43486e-06,-0.000160178,9.60691e-05,1.28902e-05,-2.42385e-05,-0.000119955,-1.30174e-05,-2.42959e-05,-0.000120069,0,0,0,0,0,0,0,0,0,0,0,0,0,0,0.2,0.1,2,-0.0422351,-0.00428318,0.32632,-0.0965448,0,0
1.74506e+09,1,1.20715e-06,-0.000322679,-3.26542e-07,-0.0202793,-0.000192346,-0.999794,1.21556,-0.472728,-0.470338,0.039211,0.020147,-0.196661,-0.0394256,0.018861,-0.19683,0.120996,0.00730205,-0.148455,-0.12076,0.00666106,-0.149569,9.87091e-06,-0.000159341,9.41174e-05,-9.60464e-06,-0.000159086,9.3782e-05,1.2892e-05,-2.43301e-05,-0.000119962,-1.30183e-05,-2.43879e-05,-0.000120074,0,0,0,0,0,0,0,0,0,0,0,0,0,0,0.2,0.1,2,-0.0422585,-0.00428395,0.326319,-0.0965444,0,0
1.74506e+09,1,1.20248e-06,-0.000317095,-3.25445e-07,-0.0203125,-0.000192472,-0.999794,1.57626,0.0617181,0.248747,0.0392162,0.0200645,-0.196613,-0.0394307,0.0187786,-0.196782,0.121003,0.00728929,-0.148517,-0.120767,0.0066483,-0.149631,1.00882e-05,-0.00015793,9.11866e-05,-9.82228e-06,-0.000157676,9.08504e-05,1.28916e-05,-2.44536e-05,-0.000119945,-1.3017e-05,-2.45114e-05,-0.000120057,0,0,0,0,0,0,0,0,0,0,0,0,0,0,0.2,0.1,2,-0.042286,-0.00428485,0.326318,-0.0965441,0,0
1.74506e+09,1,1.19703e-06,-0.000312869,-3.24896e-07,-0.0203377,-0.000192569,-0.999793,-0.136141,-0.329134,-0.396515,0.0392203,0.0200015,-0.196577,-0.0394346,0.0187158,-0.196747,0.121008,0.00727952,-0.148565,-0.120772,0.00663853,-0.149679,1.0253e-05,-0.000156855,8.89662e-05,-9.98687e-06,-0.000156603,8.86299e-05,1.28898e-05,-2.45509e-05,-0.000119916,-1.30142e-05,-2.46092e-05,-0.000120027,0,0,0,0,0,0,0,0,0,0,0,0,0,0,0.2,0.1,2,-0.0423071,-0.00428555,0.326317,-0.0965436,0,0
1.74506e+09,1,1.19218e-06,-0.000308721,-3.24247e-07,-0.0203625,-0.000192665,-0.999793,0.090225,1.57953,0.209966,0.0392244,0.019939,-0.196542,-0.0394387,0.0186534,-0.196712,0.121013,0.00726962,-0.148613,-0.120778,0.00662863,-0.149727,1.04139e-05,-0.000155802,8.67955e-05,-1.01477e-05,-0.000155551,8.64591e-05,1.2887e-05,-2.46495e-05,-0.000119879,-1.30107e-05,-2.47077e-05,-0.00011999,0,0,0,0,0,0,0,0,0,0,0,0,0,0,0.2,0.1,2,-0.042328,-0.00428623,0.326316,-0.0965435,0,0
1.74506e+09,1,1.20903e-06,-0.00030425,-3.22694e-07,-0.0203895,-0.00019277,-0.999792,-0.99997,-0.327621,0.33555,0.039229,0.0198708,-0.196504,-0.0394432,0.0185852,-0.196674,0.121019,0.00725877,-0.148666,-0.120783,0.00661778,-0.14978,1.05832e-05,-0.000154695,8.45005e-05,-1.03186e-05,-0.000154443,8.41598e-05,1.28787e-05,-2.47859e-05,-0.000119799,-1.30072e-05,-2.48179e-05,-0.00011995,0,0,0,0,0,0,0,0,0,0,0,0,0,0,0.2,0.1,2,-0.0423489,-0.00428692,0.326314,-0.0965434,0,0
1.74506e+09,1,1.19076e-06,-0.000300292,-3.22619e-07,-0.0204136,-0.000192867,-0.999792,0.294847,-1.59425,-0.449275,0.0392333,0.0198091,-0.196471,-0.0394473,0.0185236,-0.196641,0.121024,0.00724888,-0.148714,-0.120788,0.00660777,-0.149828,1.07351e-05,-0.000153702,8.24544e-05,-1.04696e-05,-0.000153452,8.21158e-05,1.288e-05,-2.48613e-05,-0.000119792,-1.30029e-05,-2.49167e-05,-0.000119906,0,0,0,0,0,0,0,0,0,0,0,0,0,0,0.2,0.1,2,-0.0423717,-0.00428767,0.326313,-0.0965433,0,0
1.74506e+09,1,1.18161e-06,-0.000296374,-3.21937e-07,-0.0204375,-0.000192962,-0.999791,-0.0930209,1.81263,0.56573,0.0392376,0.0197478,-0.196438,-0.0394515,0.0184625,-0.196608,0.121029,0.00723886,-0.148762,-0.120794,0.00659776,-0.149876,1.08847e-05,-0.000152715,8.04324e-05,-1.06192e-05,-0.000152467,8.00947e-05,1.2876e-05,-2.49575e-05,-0.000119742,-1.29974e-05,-2.50171e-05,-0.000119848,0,0,0,0,0,0,0,0,0,0,0,0,0,0,0.2,0.1,2,-0.0423924,-0.00428835,0.326311,-0.0965434,0,0
1.74506e+09,1,1.17499e-06,-0.000292155,-3.21295e-07,-0.0204633,-0.000193067,-0.999791,-0.679451,0.528901,-0.472791,0.0392424,0.0196809,-0.196404,-0.0394562,0.0183956,-0.196574,0.121035,0.0072279,-0.148814,-0.120799,0.00658679,-0.149929,1.10444e-05,-0.000151663,7.82744e-05,-1.07786e-05,-0.000151416,7.79371e-05,1.28704e-05,-2.50685e-05,-0.000119676,-1.2991e-05,-2.51277e-05,-0.000119782,0,0,0,0,0,0,0,0,0,0,0,0,0,0,0.2,0.1,2,-0.0424129,-0.00428902,0.32631,-0.0965435,0,0
1.74506e+09,1,1.16972e-06,-0.000288412,-3.2074e-07,-0.0204865,-0.000193161,-0.99979,0.458553,-1.50493,0.366082,0.0392469,0.0196204,-0.196373,-0.0394606,0.0183352,-0.196543,0.12104,0.00721788,-0.148862,-0.120805,0.00657666,-0.149976,1.11846e-05,-0.00015074,7.63786e-05,-1.09187e-05,-0.000150495,7.60415e-05,1.28652e-05,-2.51702e-05,-0.000119615,-1.2985e-05,-2.52288e-05,-0.000119722,0,0,0,0,0,0,0,0,0,0,0,0,0,0,0.2,0.1,2,-0.0424355,-0.00428976,0.326308,-0.0965438,0,0
1.74506e+09,1,1.16477e-06,-0.000284712,-3.20158e-07,-0.0205094,-0.000193255,-0.99979,-1.67292,0.599773,-0.244601,0.0392514,0.0195603,-0.196342,-0.039465,0.0182753,-0.196513,0.121045,0.00720775,-0.14891,-0.12081,0.00656664,-0.150024,1.13245e-05,-0.000149808,7.44859e-05,-1.10584e-05,-0.000149564,7.41491e-05,1.28575e-05,-2.52752e-05,-0.00011953,-1.29767e-05,-2.53332e-05,-0.000119638,0,0,0,0,0,0,0,0,0,0,0,0,0,0,0.2,0.1,2,-0.0424558,-0.00429043,0.326307,-0.0965441,0,0
1.74506e+09,1,1.16005e-06,-0.000281082,-3.19571e-07,-0.0205321,-0.000193348,-0.999789,0.780259,-1.96623,-0.717719,0.0392559,0.0195006,-0.196313,-0.0394694,0.0182156,-0.196484,0.12105,0.00719762,-0.148958,-0.120815,0.00655639,-0.150072,1.14602e-05,-0.000148904,7.26484e-05,-1.11941e-05,-0.000148661,7.2312e-05,1.285e-05,-2.5379e-05,-0.000119447,-1.29686e-05,-2.54365e-05,-0.000119555,0,0,0,0,0,0,0,0,0,0,0,0,0,0,0.2,0.1,2,-0.0424781,-0.00429117,0.326305,-0.0965445,0,0
1.74506e+09,1,1.15507e-06,-0.000277187,-3.18926e-07,-0.0205566,-0.000193451,-0.999789,-1.8767,-0.0910321,-0.311213,0.039261,0.0194353,-0.196282,-0.0394744,0.0181504,-0.196452,0.121056,0.00718641,-0.149011,-0.120821,0.00654519,-0.150125,1.16037e-05,-0.000147951,7.07035e-05,-1.13375e-05,-0.00014771,7.03673e-05,1.28422e-05,-2.54919e-05,-0.00011936,-1.29601e-05,-2.55489e-05,-0.000119468,0,0,0,0,0,0,0,0,0,0,0,0,0,0,0.2,0.1,2,-0.0424963,-0.00429177,0.326303,-0.0965449,0,0
1.74506e+09,1,1.15067e-06,-0.000273688,-3.18315e-07,-0.0205786,-0.000193543,-0.999788,-1.27959,-1.58085,0.0740083,0.0392657,0.0193763,-0.196254,-0.039479,0.0180916,-0.196425,0.121061,0.00717616,-0.149058,-0.120826,0.00653493,-0.150173,1.17337e-05,-0.000147077,6.89404e-05,-1.14675e-05,-0.000146837,6.86046e-05,1.2833e-05,-2.55971e-05,-0.00011926,-1.29503e-05,-2.56538e-05,-0.000119368,0,0,0,0,0,0,0,0,0,0,0,0,0,0,0.2,0.1,2,-0.0425164,-0.00429243,0.326301,-0.0965452,0,0
1.74506e+09,1,1.14637e-06,-0.000270253,-3.17696e-07,-0.0206004,-0.000193636,-0.999788,1.52747,-0.914993,-0.61803,0.0392704,0.0193176,-0.196226,-0.0394836,0.018033,-0.196398,0.121066,0.00716591,-0.149106,-0.120831,0.00652468,-0.15022,1.18611e-05,-0.000146217,6.72127e-05,-1.15949e-05,-0.000145977,6.68772e-05,1.28228e-05,-2.57034e-05,-0.000119151,-1.29396e-05,-2.57597e-05,-0.000119259,0,0,0,0,0,0,0,0,0,0,0,0,0,0,0.2,0.1,2,-0.0425404,-0.00429322,0.326299,-0.0965461,0,0
1.74506e+09,1,1.14219e-06,-0.000266915,-3.17107e-07,-0.0206218,-0.000193728,-0.999788,-0.453182,-0.494723,-0.0681925,0.0392752,0.0192593,-0.1962,-0.0394882,0.0179748,-0.196371,0.121071,0.00715566,-0.149154,-0.120836,0.00651431,-0.150268,1.19803e-05,-0.000145425,6.55934e-05,-1.17141e-05,-0.000145187,6.5258e-05,1.28158e-05,-2.58035e-05,-0.000119072,-1.2932e-05,-2.58595e-05,-0.00011918,0,0,0,0,0,0,0,0,0,0,0,0,0,0,0.2,0.1,2,-0.0425583,-0.00429381,0.326298,-0.0965466,0,0
1.74506e+09,1,1.13764e-06,-0.000263258,-3.16406e-07,-0.0206451,-0.000193829,-0.999787,0.665267,-1.71192,0.338081,0.0392805,0.0191956,-0.196172,-0.0394934,0.0179111,-0.196343,0.121077,0.00714421,-0.149206,-0.120842,0.00650299,-0.15032,1.21156e-05,-0.000144499,6.37548e-05,-1.18495e-05,-0.000144262,6.34198e-05,1.28024e-05,-2.59221e-05,-0.000118931,-1.2918e-05,-2.59778e-05,-0.000119038,0,0,0,0,0,0,0,0,0,0,0,0,0,0,0.2,0.1,2,-0.0425782,-0.00429446,0.326296,-0.0965472,0,0
1.74506e+09,1,1.13357e-06,-0.000260009,-3.15777e-07,-0.020666,-0.00019392,-0.999787,-0.867207,-0.287669,0.207329,0.0392854,0.0191379,-0.196146,-0.0394982,0.0178536,-0.196318,0.121082,0.00713384,-0.149253,-0.120847,0.0064925,-0.150368,1.22339e-05,-0.000143692,6.21464e-05,-1.19678e-05,-0.000143456,6.18118e-05,1.2791e-05,-2.60278e-05,-0.000118809,-1.2906e-05,-2.60831e-05,-0.000118917,0,0,0,0,0,0,0,0,0,0,0,0,0,0,0.2,0.1,2,-0.0425979,-0.00429511,0.326294,-0.096548,0,0
1.74506e+09,1,1.12957e-06,-0.00025682,-3.1515e-07,-0.0206867,-0.000194011,-0.999786,0.574545,-0.0878965,0.0188441,0.0392903,0.0190806,-0.196122,-0.039503,0.0177964,-0.196293,0.121087,0.00712347,-0.149301,-0.120852,0.00648212,-0.150416,1.23491e-05,-0.000142905,6.05794e-05,-1.20831e-05,-0.00014267,6.0245e-05,1.27794e-05,-2.61328e-05,-0.000118686,-1.28939e-05,-2.61878e-05,-0.000118793,0,0,0,0,0,0,0,0,0,0,0,0,0,0,0.2,0.1,2,-0.0426215,-0.00429588,0.326291,-0.0965491,0,0
1.74506e+09,1,1.12562e-06,-0.000253687,-3.14512e-07,-0.0207071,-0.000194102,-0.999786,-0.091942,-1.04676,-0.366237,0.0392952,0.0190237,-0.196098,-0.0395079,0.0177395,-0.19627,0.121092,0.00711298,-0.149348,-0.120857,0.00647163,-0.150463,1.24628e-05,-0.00014212,5.90321e-05,-1.21968e-05,-0.000141886,5.8698e-05,1.27664e-05,-2.62394e-05,-0.000118548,-1.28804e-05,-2.62942e-05,-0.000118656,0,0,0,0,0,0,0,0,0,0,0,0,0,0,0.2,0.1,2,-0.0426391,-0.00429646,0.326289,-0.0965498,0,0
1.74506e+09,1,1.12136e-06,-0.000250322,-3.13831e-07,-0.0207293,-0.000194201,-0.999785,1.49315,-0.274838,0.581355,0.0393007,0.0189613,-0.196072,-0.0395133,0.0176772,-0.196244,0.121098,0.00710142,-0.149401,-0.120863,0.00645995,-0.150515,1.25817e-05,-0.000141308,5.74118e-05,-1.23158e-05,-0.000141075,5.7078e-05,1.2754e-05,-2.63525e-05,-0.000118415,-1.28675e-05,-2.6407e-05,-0.000118523,0,0,0,0,0,0,0,0,0,0,0,0,0,0,0.2,0.1,2,-0.0426587,-0.00429711,0.326287,-0.0965506,0,0
1.74506e+09,1,1.11751e-06,-0.000247304,-3.13197e-07,-0.0207492,-0.000194291,-0.999785,-1.71814,1.53905,0.122807,0.0393058,0.0189049,-0.19605,-0.0395182,0.017621,-0.196222,0.121103,0.00709081,-0.149448,-0.120868,0.00644934,-0.150563,1.26891e-05,-0.000140563,5.59466e-05,-1.24233e-05,-0.000140331,5.5613e-05,1.27409e-05,-2.64569e-05,-0.000118277,-1.28539e-05,-2.65111e-05,-0.000118384,0,0,0,0,0,0,0,0,0,0,0,0,0,0,0.2,0.1,2,-0.0426781,-0.00429775,0.326285,-0.0965516,0,0
1.74506e+09,1,1.11371e-06,-0.00024434,-3.1256e-07,-0.0207688,-0.000194381,-0.999784,-1.51229,1.47567,0.641247,0.0393109,0.0188489,-0.196028,-0.0395232,0.017565,-0.1962,0.121108,0.0070802,-0.149495,-0.120873,0.00643873,-0.15061,1.27945e-05,-0.000139829,5.45091e-05,-1.25288e-05,-0.000139597,5.41758e-05,1.27272e-05,-2.65614e-05,-0.000118131,-1.28397e-05,-2.66155e-05,-0.000118238,0,0,0,0,0,0,0,0,0,0,0,0,0,0,0.2,0.1,2,-0.0426994,-0.00429845,0.326283,-0.0965529,0,0
1.74506e+09,1,1.10995e-06,-0.000241428,-3.11915e-07,-0.0207882,-0.00019447,-0.999784,1.03477,-1.42177,-0.329257,0.039316,0.0187931,-0.196006,-0.0395282,0.0175093,-0.196178,0.121113,0.00706959,-0.149542,-0.120878,0.00642812,-0.150657,1.28981e-05,-0.0001391,5.30943e-05,-1.26325e-05,-0.00013887,5.27614e-05,1.27123e-05,-2.66667e-05,-0.000117975,-1.28244e-05,-2.67205e-05,-0.000118082,0,0,0,0,0,0,0,0,0,0,0,0,0,0,0.2,0.1,2,-0.0427186,-0.00429908,0.32628,-0.0965539,0,0
1.74506e+09,1,1.10588e-06,-0.000238297,-3.11229e-07,-0.0208093,-0.000194568,-0.999783,-0.0354167,1.83725,-0.41608,0.0393217,0.0187321,-0.195983,-0.0395338,0.0174484,-0.196156,0.121119,0.00705779,-0.149594,-0.120884,0.00641632,-0.150709,1.30064e-05,-0.000138347,5.16139e-05,-1.27409e-05,-0.000138117,5.12813e-05,1.26981e-05,-2.67783e-05,-0.000117823,-1.28097e-05,-2.68318e-05,-0.00011793,0,0,0,0,0,0,0,0,0,0,0,0,0,0,0.2,0.1,2,-0.0427378,-0.00429971,0.326278,-0.096555,0,0
1.74506e+09,1,1.10221e-06,-0.000235491,-3.10587e-07,-0.0208282,-0.000194657,-0.999783,-1.01594,1.86404,-0.778829,0.039327,0.0186769,-0.195963,-0.0395389,0.0173933,-0.196135,0.121124,0.00704706,-0.149641,-0.120889,0.00640559,-0.150756,1.31048e-05,-0.000137651,5.02691e-05,-1.28394e-05,-0.000137422,4.99368e-05,1.26831e-05,-2.68815e-05,-0.000117664,-1.27942e-05,-2.69348e-05,-0.000117771,0,0,0,0,0,0,0,0,0,0,0,0,0,0,0.2,0.1,2,-0.0427608,-0.00430047,0.326275,-0.0965566,0,0
1.74506e+09,1,1.09857e-06,-0.000232733,-3.09947e-07,-0.020847,-0.000194746,-0.999783,0.672013,-1.63514,0.760214,0.0393322,0.018622,-0.195943,-0.0395441,0.0173385,-0.196116,0.121129,0.00703633,-0.149688,-0.120894,0.00639474,-0.150803,1.32006e-05,-0.00013697,4.89569e-05,-1.29354e-05,-0.000136742,4.8625e-05,1.26679e-05,-2.69836e-05,-0.000117504,-1.27786e-05,-2.70367e-05,-0.00011761,0,0,0,0,0,0,0,0,0,0,0,0,0,0,0.2,0.1,2,-0.0427779,-0.00430103,0.326273,-0.0965577,0,0
1.74506e+09,1,1.09498e-06,-0.000230026,-3.09302e-07,-0.0208655,-0.000194834,-0.999782,-0.495545,0.694018,0.299341,0.0393375,0.0185673,-0.195924,-0.0395493,0.0172839,-0.196097,0.121134,0.00702548,-0.149735,-0.120899,0.0063839,-0.15085,1.32948e-05,-0.000136296,4.76675e-05,-1.30297e-05,-0.000136069,4.73359e-05,1.26519e-05,-2.70865e-05,-0.000117335,-1.27622e-05,-2.71393e-05,-0.000117441,0,0,0,0,0,0,0,0,0,0,0,0,0,0,0.2,0.1,2,-0.0427969,-0.00430166,0.326271,-0.0965589,0,0
1.74506e+09,1,1.09107e-06,-0.000227103,-3.086e-07,-0.0208856,-0.000194931,-0.999782,-0.713494,-1.97737,0.459121,0.0393434,0.0185075,-0.195903,-0.0395551,0.0172243,-0.196076,0.121139,0.00701356,-0.149787,-0.120905,0.00637197,-0.150902,1.3395e-05,-0.000135578,4.62939e-05,-1.313e-05,-0.000135353,4.59627e-05,1.26349e-05,-2.71968e-05,-0.000117155,-1.27447e-05,-2.72495e-05,-0.000117261,0,0,0,0,0,0,0,0,0,0,0,0,0,0,0.2,0.1,2,-0.0428177,-0.00430234,0.326268,-0.0965604,0,0
1.74506e+09,1,1.08757e-06,-0.000224502,-3.07968e-07,-0.0209036,-0.000195018,-0.999782,-1.47214,0.800113,0.217344,0.0393488,0.0184534,-0.195885,-0.0395603,0.0171703,-0.196058,0.121145,0.00700259,-0.149834,-0.12091,0.00636101,-0.150949,1.34829e-05,-0.00013495,4.50877e-05,-1.3218e-05,-0.000134725,4.47568e-05,1.26199e-05,-2.72961e-05,-0.000116995,-1.27293e-05,-2.73485e-05,-0.000117101,0,0,0,0,0,0,0,0,0,0,0,0,0,0,0.2,0.1,2,-0.0428346,-0.0043029,0.326266,-0.0965616,0,0
1.74506e+09,1,1.08409e-06,-0.000221939,-3.0732e-07,-0.0209214,-0.000195105,-0.999781,1.8228,-1.7471,-0.422865,0.0393542,0.0183996,-0.195867,-0.0395656,0.0171165,-0.19604,0.12115,0.00699174,-0.149881,-0.120915,0.00635004,-0.150996,1.35707e-05,-0.00013431,4.38817e-05,-1.3306e-05,-0.000134086,4.35511e-05,1.26028e-05,-2.73968e-05,-0.000116815,-1.27118e-05,-2.7449e-05,-0.000116921,0,0,0,0,0,0,0,0,0,0,0,0,0,0,0.2,0.1,2,-0.0428552,-0.00430358,0.326263,-0.0965632,0,0
1.74506e+09,1,1.08064e-06,-0.000219419,-3.06678e-07,-0.0209391,-0.000195193,-0.999781,-1.69703,-0.313775,0.442076,0.0393596,0.018346,-0.19585,-0.039571,0.017063,-0.196023,0.121155,0.00698078,-0.149927,-0.12092,0.00633907,-0.151042,1.36558e-05,-0.00013369,4.27115e-05,-1.33913e-05,-0.000133466,4.23813e-05,1.25863e-05,-2.74953e-05,-0.00011664,-1.26949e-05,-2.75472e-05,-0.000116745,0,0,0,0,0,0,0,0,0,0,0,0,0,0,0.2,0.1,2,-0.0428739,-0.00430419,0.326261,-0.0965647,0,0
1.74506e+09,1,1.07723e-06,-0.000216944,-3.06037e-07,-0.0209565,-0.000195279,-0.99978,-1.60708,-0.807456,-0.361288,0.0393651,0.0182927,-0.195833,-0.0395763,0.0170097,-0.196006,0.12116,0.00696969,-0.149974,-0.120925,0.00632799,-0.151089,1.3739e-05,-0.000133081,4.15679e-05,-1.34746e-05,-0.000132859,4.1238e-05,1.25696e-05,-2.7593e-05,-0.000116462,-1.26779e-05,-2.76447e-05,-0.000116568,0,0,0,0,0,0,0,0,0,0,0,0,0,0,0.2,0.1,2,-0.0428925,-0.00430481,0.326258,-0.0965662,0,0
1.74506e+09,1,1.07352e-06,-0.000214278,-3.05342e-07,-0.0209755,-0.000195375,-0.99978,-1.29257,1.5229,0.264143,0.0393712,0.0182343,-0.195815,-0.0395823,0.0169514,-0.195989,0.121165,0.00695753,-0.150025,-0.120931,0.00631583,-0.15114,1.38269e-05,-0.00013244,4.03573e-05,-1.35627e-05,-0.000132218,4.00278e-05,1.25522e-05,-2.76982e-05,-0.000116276,-1.266e-05,-2.77497e-05,-0.000116381,0,0,0,0,0,0,0,0,0,0,0,0,0,0,0.2,0.1,2,-0.0429111,-0.00430542,0.326255,-0.0965677,0,0
1.74506e+09,1,1.07863e-06,-0.00021189,-3.03186e-07,-0.0209925,-0.000195461,-0.99978,-0.11042,0.958186,-0.366074,0.0393767,0.0181814,-0.195799,-0.0395877,0.0168987,-0.195973,0.12117,0.00694644,-0.150072,-0.120936,0.00630474,-0.151187,1.39061e-05,-0.000131841,3.92544e-05,-1.36443e-05,-0.000131615,3.8917e-05,1.25346e-05,-2.77901e-05,-0.000116089,-1.26428e-05,-2.78398e-05,-0.000116196,0,0,0,0,0,0,0,0,0,0,0,0,0,0,0.2,0.1,2,-0.0429296,-0.00430602,0.326253,-0.0965693,0,0
1.74506e+09,1,1.06959e-06,-0.00020954,-3.04083e-07,-0.0210094,-0.000195548,-0.999779,0.0348826,-1.20975,-0.311127,0.0393823,0.0181288,-0.195783,-0.0395932,0.0168461,-0.195957,0.121175,0.00693536,-0.150118,-0.120941,0.00629354,-0.151233,1.39841e-05,-0.000131267,3.81866e-05,-1.37205e-05,-0.000131047,3.78592e-05,1.25169e-05,-2.78891e-05,-0.000115902,-1.26245e-05,-2.79397e-05,-0.000116008,0,0,0,0,0,0,0,0,0,0,0,0,0,0,0.2,0.1,2,-0.0429517,-0.00430675,0.326249,-0.0965714,0,0
1.74506e+09,1,1.06515e-06,-0.00020724,-3.03556e-07,-0.021026,-0.000195634,-0.999779,-1.53072,-1.81506,-0.743542,0.0393879,0.0180764,-0.195768,-0.0395987,0.0167938,-0.195943,0.12118,0.00692415,-0.150164,-0.120946,0.00628233,-0.15128,1.40607e-05,-0.000130689,3.7131e-05,-1.3797e-05,-0.00013047,3.68046e-05,1.24983e-05,-2.79852e-05,-0.000115704,-1.26054e-05,-2.80357e-05,-0.000115809,0,0,0,0,0,0,0,0,0,0,0,0,0,0,0.2,0.1,2,-0.0429682,-0.0043073,0.326247,-0.0965728,0,0
1.74506e+09,1,1.06099e-06,-0.000204757,-3.02839e-07,-0.0210441,-0.000195728,-0.999779,-1.70989,0.331284,0.511256,0.0393941,0.0180191,-0.195752,-0.0396048,0.0167366,-0.195927,0.121186,0.00691175,-0.150215,-0.120952,0.00627005,-0.15133,1.41405e-05,-0.000130092,3.60271e-05,-1.38771e-05,-0.000129874,3.57006e-05,1.24801e-05,-2.8086e-05,-0.000115508,-1.25866e-05,-2.81364e-05,-0.000115613,0,0,0,0,0,0,0,0,0,0,0,0,0,0,0.2,0.1,2,-0.0429865,-0.0043079,0.326244,-0.0965744,0,0
1.74506e+09,2,1.05742e-06,-0.000202534,-3.02167e-07,-0.0210604,-0.000195813,-0.999778,1.15158,-1.32742,-0.266465,0.0394009,0.0179568,-0.195735,-0.0396115,0.0166744,-0.19591,0.121192,0.00689828,-0.15027,-0.120958,0.00625646,-0.151386,1.42281e-05,-0.00012942,3.48159e-05,-1.39648e-05,-0.000129202,3.44895e-05,1.24572e-05,-2.81977e-05,-0.000115264,-1.25633e-05,-2.82479e-05,-0.000115368,0,0,0,0,0,0,0,0,0,0,0,0,0,0,0.2,0.1,2,-0.0430101,-0.00430868,0.326241,-0.0965764,0,0
1.74506e+09,2,1.054e-06,-0.000200354,-3.0149e-07,-0.0210765,-0.000195898,-0.999778,0.195637,1.35496,0.396123,0.0394055,0.0179154,-0.195724,-0.039616,0.0166332,-0.195899,0.121196,0.00688922,-0.150307,-0.120962,0.0062474,-0.151423,1.42842e-05,-0.00012899,3.40385e-05,-1.40211e-05,-0.000128773,3.37122e-05,1.24426e-05,-2.82706e-05,-0.000115108,-1.25484e-05,-2.83207e-05,-0.000115212,0,0,0,0,0,0,0,0,0,0,0,0,0,0,0.2,0.1,2,-0.0430283,-0.00430928,0.326238,-0.0965782,0,0
1.74506e+09,2,1.04969e-06,-0.000197573,-3.00631e-07,-0.0210972,-0.000196008,-0.999777,0.644654,-0.0288718,0.777268,0.039413,0.0178486,-0.195707,-0.0396233,0.0165664,-0.195882,0.121202,0.00687456,-0.150367,-0.120968,0.00623262,-0.151483,1.43735e-05,-0.000128301,3.28008e-05,-1.41106e-05,-0.000128085,3.24747e-05,1.24186e-05,-2.83872e-05,-0.000114851,-1.2524e-05,-2.84372e-05,-0.000114955,0,0,0,0,0,0,0,0,0,0,0,0,0,0,0.2,0.1,2,-0.0430482,-0.00430993,0.326235,-0.0965806,0,0
1.74506e+09,2,1.04645e-06,-0.000195472,-2.99973e-07,-0.0211129,-0.000196092,-0.999777,1.37478,1.34845,0.627395,0.0394187,0.0177974,-0.195694,-0.0396289,0.0165153,-0.195869,0.121207,0.00686312,-0.150413,-0.120973,0.00622129,-0.151529,1.44404e-05,-0.00012778,3.18711e-05,-1.41778e-05,-0.000127564,3.15452e-05,1.24e-05,-2.84756e-05,-0.000114651,-1.2505e-05,-2.85254e-05,-0.000114754,0,0,0,0,0,0,0,0,0,0,0,0,0,0,0.2,0.1,2,-0.043068,-0.00431059,0.326232,-0.0965827,0,0
1.74506e+09,2,1.04296e-06,-0.000193205,-2.99265e-07,-0.02113,-0.000196185,-0.999777,-0.236469,1.67646,0.189366,0.0394251,0.0177413,-0.19568,-0.0396352,0.0164592,-0.195855,0.121213,0.0068506,-0.150463,-0.120979,0.00620866,-0.151579,1.45111e-05,-0.000127232,3.08884e-05,-1.42487e-05,-0.000127017,3.05628e-05,1.23807e-05,-2.85705e-05,-0.000114442,-1.24853e-05,-2.86201e-05,-0.000114545,0,0,0,0,0,0,0,0,0,0,0,0,0,0,0.2,0.1,2,-0.0430841,-0.00431112,0.326229,-0.0965842,0,0
1.74506e+09,2,1.03984e-06,-0.00019118,-2.98608e-07,-0.0211454,-0.000196268,-0.999776,-1.66144,-0.884169,-0.188819,0.0394309,0.0176905,-0.195668,-0.0396409,0.0164086,-0.195843,0.121217,0.00683916,-0.150509,-0.120984,0.00619721,-0.151625,1.45753e-05,-0.000126723,2.99956e-05,-1.43131e-05,-0.000126508,2.96703e-05,1.23613e-05,-2.8657e-05,-0.000114234,-1.24657e-05,-2.87064e-05,-0.000114337,0,0,0,0,0,0,0,0,0,0,0,0,0,0,0.2,0.1,2,-0.0431038,-0.00431177,0.326226,-0.0965864,0,0
1.74506e+09,2,1.03677e-06,-0.000189191,-2.97951e-07,-0.0211606,-0.000196352,-0.999776,0.375516,-0.664146,0.254128,0.0394368,0.0176399,-0.195656,-0.0396466,0.0163581,-0.195832,0.121222,0.00682771,-0.150555,-0.120989,0.00618577,-0.15167,1.46381e-05,-0.00012622,2.91201e-05,-1.43761e-05,-0.000126006,2.87952e-05,1.23416e-05,-2.8743e-05,-0.000114022,-1.24456e-05,-2.87923e-05,-0.000114125,0,0,0,0,0,0,0,0,0,0,0,0,0,0,0.2,0.1,2,-0.0431234,-0.00431241,0.326223,-0.0965886,0,0
1.74506e+09,2,1.03373e-06,-0.00018723,-2.97329e-07,-0.0211756,-0.000196435,-0.999776,0.539907,1.39106,-0.75847,0.0394426,0.0175895,-0.195645,-0.0396524,0.0163078,-0.19582,0.121227,0.00681615,-0.1506,-0.120994,0.00617421,-0.151716,1.46966e-05,-0.000125764,2.83039e-05,-1.44348e-05,-0.00012555,2.79792e-05,1.23254e-05,-2.88237e-05,-0.000113844,-1.24291e-05,-2.88728e-05,-0.000113946,0,0,0,0,0,0,0,0,0,0,0,0,0,0,0.2,0.1,2,-0.0431394,-0.00431294,0.32622,-0.0965902,0,0
1.74506e+09,2,1.03042e-06,-0.000185117,-2.96598e-07,-0.021192,-0.000196527,-0.999776,-1.5587,-0.943028,-0.0365844,0.0394491,0.0175343,-0.195633,-0.0396588,0.0162526,-0.195808,0.121233,0.00680339,-0.15065,-0.120999,0.00616145,-0.151766,1.47635e-05,-0.000125216,2.73708e-05,-1.45019e-05,-0.000125003,2.70466e-05,1.23025e-05,-2.89166e-05,-0.000113598,-1.24059e-05,-2.89655e-05,-0.0001137,0,0,0,0,0,0,0,0,0,0,0,0,0,0,0.2,0.1,2,-0.0431572,-0.00431352,0.326217,-0.0965922,0,0
1.74506e+09,2,1.02745e-06,-0.000183232,-2.9594e-07,-0.0212067,-0.000196609,-0.999775,0.670519,1.55714,0.243709,0.039455,0.0174843,-0.195622,-0.0396646,0.0162027,-0.195797,0.121238,0.00679183,-0.150696,-0.121004,0.00614989,-0.151812,1.48222e-05,-0.000124733,2.65491e-05,-1.45609e-05,-0.00012452,2.62254e-05,1.2282e-05,-2.89994e-05,-0.000113378,-1.23852e-05,-2.90481e-05,-0.00011348,0,0,0,0,0,0,0,0,0,0,0,0,0,0,0.2,0.1,2,-0.0431783,-0.00431422,0.326214,-0.0965948,0,0
1.74506e+09,2,1.02212e-06,-0.000181362,-2.94704e-07,-0.0212213,-0.000196692,-0.999775,0.842249,1.82941,0.744044,0.039461,0.0174345,-0.195611,-0.0396704,0.016153,-0.195787,0.121243,0.00678027,-0.150741,-0.121009,0.00613821,-0.151857,1.48804e-05,-0.000124258,2.57362e-05,-1.4619e-05,-0.000124049,2.54178e-05,1.22676e-05,-2.90568e-05,-0.000113206,-1.237e-05,-2.91055e-05,-0.000113307,0,0,0,0,0,0,0,0,0,0,0,0,0,0,0.2,0.1,2,-0.0431942,-0.00431474,0.326211,-0.0965966,0,0
1.74506e+09,2,1.01957e-06,-0.000179361,-2.94333e-07,-0.0212371,-0.000196782,-0.999775,1.47384,-1.63888,-0.73035,0.0394675,0.01738,-0.1956,-0.0396769,0.0160986,-0.195776,0.121248,0.00676739,-0.150791,-0.121014,0.00612545,-0.151907,1.4939e-05,-0.000123775,2.49134e-05,-1.4678e-05,-0.000123564,2.45912e-05,1.22424e-05,-2.91659e-05,-0.000112945,-1.23447e-05,-2.92144e-05,-0.000113045,0,0,0,0,0,0,0,0,0,0,0,0,0,0,0.2,0.1,2,-0.0432117,-0.00431532,0.326208,-0.0965986,0,0
1.74506e+09,2,1.01757e-06,-0.00017757,-2.93858e-07,-0.0212514,-0.000196864,-0.999774,0.557964,-0.206241,0.569495,0.0394735,0.0173306,-0.19559,-0.0396828,0.0160493,-0.195766,0.121253,0.00675571,-0.150836,-0.121019,0.00611365,-0.151952,1.49929e-05,-0.000123323,2.41566e-05,-1.47323e-05,-0.000123112,2.38333e-05,1.22228e-05,-2.92428e-05,-0.000112732,-1.23249e-05,-2.92911e-05,-0.000112832,0,0,0,0,0,0,0,0,0,0,0,0,0,0,0.2,0.1,2,-0.0432292,-0.0043159,0.326205,-0.0966007,0,0
1.74506e+09,2,1.015e-06,-0.000175809,-2.93239e-07,-0.0212655,-0.000196946,-0.999774,1.23754,-1.96966,-0.514336,0.0394795,0.0172814,-0.195581,-0.0396887,0.0160001,-0.195757,0.121258,0.00674403,-0.150881,-0.121024,0.00610197,-0.151997,1.50459e-05,-0.000122875,2.34118e-05,-1.47855e-05,-0.000122665,2.30889e-05,1.22028e-05,-2.93195e-05,-0.000112514,-1.23047e-05,-2.93677e-05,-0.000112614,0,0,0,0,0,0,0,0,0,0,0,0,0,0,0.2,0.1,2,-0.0432484,-0.00431653,0.326201,-0.0966031,0,0
1.74506e+09,2,1.01234e-06,-0.000174076,-2.92604e-07,-0.0212795,-0.000197027,-0.999774,-0.775906,-1.56256,-0.361983,0.0394856,0.0172323,-0.195572,-0.0396946,0.0159512,-0.195748,0.121263,0.00673223,-0.150926,-0.121029,0.00609016,-0.152042,1.50975e-05,-0.000122434,2.2684e-05,-1.48375e-05,-0.000122224,2.23617e-05,1.21828e-05,-2.93948e-05,-0.000112296,-1.22845e-05,-2.94427e-05,-0.000112396,0,0,0,0,0,0,0,0,0,0,0,0,0,0,0.2,0.1,2,-0.0432658,-0.0043171,0.326198,-0.0966052,0,0
1.74506e+09,2,1.00964e-06,-0.000172375,-2.91962e-07,-0.0212934,-0.000197109,-0.999773,-0.448949,-0.141545,-0.0443134,0.0394916,0.0171834,-0.195563,-0.0397005,0.0159023,-0.195739,0.121268,0.00672054,-0.150971,-0.121034,0.00607836,-0.152087,1.51483e-05,-0.000121996,2.1968e-05,-1.48885e-05,-0.000121786,2.16464e-05,1.21623e-05,-2.94696e-05,-0.000112073,-1.22638e-05,-2.95174e-05,-0.000112173,0,0,0,0,0,0,0,0,0,0,0,0,0,0,0.2,0.1,2,-0.0432831,-0.00431767,0.326195,-0.0966074,0,0
1.74506e+09,2,1.00665e-06,-0.000170531,-2.91261e-07,-0.0213084,-0.000197198,-0.999773,0.000675823,-1.84748,0.454066,0.0394983,0.0171298,-0.195553,-0.0397071,0.0158489,-0.19573,0.121273,0.00670755,-0.15102,-0.12104,0.00606537,-0.152136,1.52023e-05,-0.000121529,2.12062e-05,-1.49427e-05,-0.00012132,2.08851e-05,1.21406e-05,-2.95491e-05,-0.000111835,-1.22419e-05,-2.95966e-05,-0.000111935,0,0,0,0,0,0,0,0,0,0,0,0,0,0,0.2,0.1,2,-0.0433004,-0.00431824,0.326192,-0.0966096,0,0
1.74506e+09,2,1.00394e-06,-0.000168883,-2.90629e-07,-0.021322,-0.000197279,-0.999773,-1.09924,1.0819,0.286093,0.0395044,0.0170813,-0.195545,-0.0397131,0.0158004,-0.195722,0.121278,0.00669563,-0.151065,-0.121044,0.00605357,-0.152181,1.52495e-05,-0.00012112,2.05379e-05,-1.49902e-05,-0.000120911,2.02173e-05,1.21216e-05,-2.962e-05,-0.000111626,-1.22227e-05,-2.96674e-05,-0.000111725,0,0,0,0,0,0,0,0,0,0,0,0,0,0,0.2,0.1,2,-0.0433176,-0.00431881,0.326189,-0.0966118,0,0
1.74506e+09,2,1.00122e-06,-0.000167269,-2.8998e-07,-0.0213354,-0.00019736,-0.999772,-1.38138,-0.89734,-0.304862,0.0395105,0.0170329,-0.195537,-0.0397191,0.0157521,-0.195714,0.121283,0.00668383,-0.151109,-0.121049,0.00604165,-0.152226,1.52968e-05,-0.000120699,1.9868e-05,-1.50378e-05,-0.000120491,1.95478e-05,1.21009e-05,-2.96909e-05,-0.0001114,-1.22018e-05,-2.97381e-05,-0.000111498,0,0,0,0,0,0,0,0,0,0,0,0,0,0,0.2,0.1,2,-0.0433365,-0.00431943,0.326186,-0.0966143,0,0
1.74506e+09,2,9.98513e-07,-0.000165676,-2.89338e-07,-0.0213487,-0.00019744,-0.999772,-1.8632,1.27833,0.282635,0.0395166,0.0169848,-0.195529,-0.0397251,0.015704,-0.195706,0.121287,0.00667191,-0.151154,-0.121054,0.00602973,-0.15227,1.53426e-05,-0.00012029,1.92186e-05,-1.50838e-05,-0.000120083,1.88989e-05,1.2081e-05,-2.97595e-05,-0.000111179,-1.21816e-05,-2.98065e-05,-0.000111278,0,0,0,0,0,0,0,0,0,0,0,0,0,0,0.2,0.1,2,-0.0433536,-0.00432,0.326182,-0.0966166,0,0
1.74506e+09,2,9.95546e-07,-0.000163951,-2.88642e-07,-0.0213632,-0.000197528,-0.999772,-0.168572,1.16553,0.746209,0.0395234,0.016932,-0.195521,-0.0397318,0.0156513,-0.195698,0.121293,0.00665879,-0.151203,-0.12106,0.00601661,-0.152319,1.53909e-05,-0.000119861,1.8533e-05,-1.51324e-05,-0.000119655,1.82138e-05,1.20602e-05,-2.98329e-05,-0.000110949,-1.21606e-05,-2.98797e-05,-0.000111048,0,0,0,0,0,0,0,0,0,0,0,0,0,0,0.2,0.1,2,-0.0433707,-0.00432056,0.326179,-0.0966188,0,0
1.74506e+09,2,9.9398e-07,-0.000162413,-2.8809e-07,-0.0213763,-0.000197608,-0.999771,1.51324,0.106414,-0.0722866,0.0395295,0.0168841,-0.195514,-0.0397378,0.0156035,-0.195691,0.121298,0.00664687,-0.151247,-0.121064,0.00600469,-0.152363,1.54342e-05,-0.000119464,1.79132e-05,-1.51764e-05,-0.000119258,1.75944e-05,1.20394e-05,-2.99014e-05,-0.000110723,-1.214e-05,-2.9948e-05,-0.000110821,0,0,0,0,0,0,0,0,0,0,0,0,0,0,0.2,0.1,2,-0.0433877,-0.00432112,0.326176,-0.0966211,0,0
1.74506e+09,2,9.90306e-07,-0.000160907,-2.87355e-07,-0.0213892,-0.000197688,-0.999771,1.59427,-1.08651,0.380484,0.0395357,0.0168363,-0.195507,-0.0397439,0.0155559,-0.195684,0.121302,0.00663495,-0.151291,-0.121069,0.00599265,-0.152408,1.54776e-05,-0.000119063,1.72976e-05,-1.52197e-05,-0.000118858,1.69794e-05,1.2019e-05,-2.9965e-05,-0.000110495,-1.21191e-05,-3.00115e-05,-0.000110593,0,0,0,0,0,0,0,0,0,0,0,0,0,0,0.2,0.1,2,-0.043408,-0.00432179,0.326172,-0.096624,0,0
1.74506e+09,2,9.75095e-07,-0.000159405,-2.8776e-07,-0.021402,-0.000197767,-0.999771,-1.58292,1.11664,0.634462,0.0395419,0.0167888,-0.1955,-0.03975,0.0155085,-0.195677,0.121307,0.00662291,-0.151335,-0.121074,0.00598061,-0.152452,1.55202e-05,-0.000118705,1.67291e-05,-1.52568e-05,-0.0001185,1.64117e-05,1.20044e-05,-3.00257e-05,-0.000110301,-1.20992e-05,-3.00725e-05,-0.000110398,0,0,0,0,0,0,0,0,0,0,0,0,0,0,0.2,0.1,2,-0.0434232,-0.0043223,0.326169,-0.096626,0,0
1.74506e+09,2,9.85056e-07,-0.000157803,-2.85968e-07,-0.021416,-0.000197855,-0.999771,-0.0917493,-1.73582,0.36842,0.0395488,0.0167367,-0.195493,-0.0397567,0.0154564,-0.19567,0.121312,0.00660968,-0.151384,-0.121079,0.00596738,-0.1525,1.5563e-05,-0.000118269,1.60757e-05,-1.53058e-05,-0.000118065,1.57584e-05,1.1978e-05,-3.00957e-05,-0.000110038,-1.20778e-05,-3.01418e-05,-0.000110136,0,0,0,0,0,0,0,0,0,0,0,0,0,0,0.2,0.1,2,-0.0434401,-0.00432285,0.326166,-0.0966284,0,0
1.74506e+09,2,9.82053e-07,-0.000156365,-2.85354e-07,-0.0214285,-0.000197934,-0.999771,-1.43828,-1.89896,0.637795,0.039555,0.0166895,-0.195486,-0.0397629,0.0154093,-0.195664,0.121317,0.00659764,-0.151428,-0.121084,0.00595534,-0.152544,1.56028e-05,-0.000117891,1.5506e-05,-1.53457e-05,-0.000117686,1.51892e-05,1.19578e-05,-3.01567e-05,-0.000109812,-1.20571e-05,-3.02027e-05,-0.000109909,0,0,0,0,0,0,0,0,0,0,0,0,0,0,0.2,0.1,2,-0.0434603,-0.00432352,0.326162,-0.0966313,0,0
1.74506e+09,2,9.79411e-07,-0.000154941,-2.84734e-07,-0.021441,-0.000198013,-0.99977,1.85228,-1.22764,0.0208039,0.0395612,0.0166424,-0.19548,-0.039769,0.0153623,-0.195658,0.121322,0.0065856,-0.151472,-0.121089,0.00594318,-0.152588,1.56401e-05,-0.000117542,1.49706e-05,-1.53833e-05,-0.000117338,1.46542e-05,1.19399e-05,-3.0215e-05,-0.00010961,-1.2039e-05,-3.02608e-05,-0.000109706,0,0,0,0,0,0,0,0,0,0,0,0,0,0,0.2,0.1,2,-0.0434754,-0.00432401,0.326159,-0.0966334,0,0
1.74506e+09,2,9.76567e-07,-0.00015342,-2.8401e-07,-0.0214545,-0.000198099,-0.99977,-0.0731652,-1.24611,-0.73198,0.0395681,0.0165908,-0.195474,-0.0397758,0.0153108,-0.195652,0.121327,0.00657225,-0.15152,-0.121094,0.00592995,-0.152637,1.56826e-05,-0.000117122,1.43595e-05,-1.54261e-05,-0.000116919,1.40436e-05,1.19161e-05,-3.02801e-05,-0.000109346,-1.2015e-05,-3.03258e-05,-0.000109442,0,0,0,0,0,0,0,0,0,0,0,0,0,0,0.2,0.1,2,-0.0434921,-0.00432457,0.326156,-0.0966358,0,0
1.74506e+09,2,9.74003e-07,-0.00015206,-2.83357e-07,-0.0214667,-0.000198178,-0.99977,-1.55377,0.173266,0.756289,0.0395744,0.016544,-0.195468,-0.039782,0.0152641,-0.195646,0.121332,0.00656009,-0.151564,-0.121099,0.00591779,-0.15268,1.57199e-05,-0.000116752,1.38221e-05,-1.54637e-05,-0.000116549,1.35068e-05,1.18951e-05,-3.03378e-05,-0.000109111,-1.19938e-05,-3.03834e-05,-0.000109207,0,0,0,0,0,0,0,0,0,0,0,0,0,0,0.2,0.1,2,-0.0435104,-0.00432517,0.326152,-0.0966385,0,0
1.74506e+09,2,9.71446e-07,-0.000150713,-2.82714e-07,-0.0214788,-0.000198256,-0.999769,0.0187467,-0.571003,0.0998221,0.0395807,0.0164974,-0.195463,-0.0397882,0.0152175,-0.195641,0.121337,0.00654793,-0.151607,-0.121104,0.00590563,-0.152724,1.57558e-05,-0.000116395,1.33034e-05,-1.54999e-05,-0.000116192,1.29885e-05,1.1875e-05,-3.03932e-05,-0.000108886,-1.19736e-05,-3.04386e-05,-0.000108982,0,0,0,0,0,0,0,0,0,0,0,0,0,0,0.2,0.1,2,-0.043527,-0.00432572,0.326149,-0.0966409,0,0
1.74506e+09,2,9.68651e-07,-0.00014925,-2.82018e-07,-0.021492,-0.000198342,-0.999769,1.37666,-1.24815,0.536759,0.0395877,0.0164463,-0.195457,-0.039795,0.0151665,-0.195635,0.121342,0.00653458,-0.151655,-0.121109,0.00589216,-0.152772,1.57936e-05,-0.000116021,1.27566e-05,-1.55379e-05,-0.000115818,1.24422e-05,1.18543e-05,-3.04523e-05,-0.000108651,-1.19527e-05,-3.04975e-05,-0.000108747,0,0,0,0,0,0,0,0,0,0,0,0,0,0,0.2,0.1,2,-0.0435436,-0.00432626,0.326146,-0.0966434,0,0
1.74506e+09,2,9.66126e-07,-0.000147948,-2.81375e-07,-0.0215039,-0.00019842,-0.999769,-1.85551,-0.555914,-0.524506,0.039594,0.0163999,-0.195452,-0.0398012,0.0151202,-0.19563,0.121347,0.00652242,-0.151699,-0.121114,0.00588,-0.152815,1.58278e-05,-0.000115672,1.22609e-05,-1.55724e-05,-0.00011547,1.1947e-05,1.18343e-05,-3.05051e-05,-0.000108425,-1.19325e-05,-3.05501e-05,-0.00010852,0,0,0,0,0,0,0,0,0,0,0,0,0,0,0.2,0.1,2,-0.0435601,-0.00432681,0.326143,-0.0966458,0,0
1.74506e+09,2,9.63619e-07,-0.000146669,-2.8073e-07,-0.0215157,-0.000198498,-0.999769,-0.988872,-0.0503072,0.173143,0.0396003,0.0163537,-0.195447,-0.0398074,0.0150741,-0.195626,0.121351,0.00651014,-0.151742,-0.121119,0.00586772,-0.152859,1.58613e-05,-0.000115326,1.17742e-05,-1.56062e-05,-0.000115125,1.14607e-05,1.1814e-05,-3.05568e-05,-0.000108197,-1.19121e-05,-3.06018e-05,-0.000108292,0,0,0,0,0,0,0,0,0,0,0,0,0,0,0.2,0.1,2,-0.0435782,-0.00432741,0.326139,-0.0966486,0,0
1.74506e+09,2,9.61126e-07,-0.00014541,-2.80086e-07,-0.0215273,-0.000198575,-0.999768,-0.987708,-1.50985,-0.459106,0.0396067,0.0163077,-0.195443,-0.0398137,0.0150282,-0.195621,0.121356,0.00649798,-0.151785,-0.121124,0.00585544,-0.152902,1.58939e-05,-0.000114985,1.12989e-05,-1.56391e-05,-0.000114784,1.09859e-05,1.17939e-05,-3.06071e-05,-0.00010797,-1.18918e-05,-3.06519e-05,-0.000108064,0,0,0,0,0,0,0,0,0,0,0,0,0,0,0.2,0.1,2,-0.0435947,-0.00432795,0.326136,-0.0966511,0,0
1.74506e+09,2,9.58653e-07,-0.000144175,-2.79438e-07,-0.0215389,-0.000198652,-0.999768,-1.90509,-1.93395,-0.381911,0.039613,0.0162618,-0.195438,-0.03982,0.0149823,-0.195617,0.121361,0.0064857,-0.151828,-0.121128,0.00584328,-0.152945,1.5926e-05,-0.000114644,1.0831e-05,-1.56715e-05,-0.000114443,1.05185e-05,1.17734e-05,-3.06568e-05,-0.000107738,-1.18711e-05,-3.07014e-05,-0.000107832,0,0,0,0,0,0,0,0,0,0,0,0,0,0,0.2,0.1,2,-0.0436111,-0.00432849,0.326132,-0.0966536,0,0
1.74506e+09,2,9.55942e-07,-0.000142832,-2.78734e-07,-0.0215515,-0.000198737,-0.999768,-1.30173,1.59756,0.64628,0.03962,0.0162114,-0.195433,-0.0398269,0.014932,-0.195613,0.121366,0.00647223,-0.151876,-0.121133,0.00582969,-0.152992,1.596e-05,-0.000114281,1.03339e-05,-1.57058e-05,-0.000114081,1.00219e-05,1.17517e-05,-3.07089e-05,-0.000107491,-1.18493e-05,-3.07534e-05,-0.000107585,0,0,0,0,0,0,0,0,0,0,0,0,0,0,0.2,0.1,2,-0.0436274,-0.00432903,0.326129,-0.0966561,0,0
1.74506e+09,2,9.38143e-07,-0.000141627,-2.79369e-07,-0.0215629,-0.000198814,-0.999767,-0.137945,-0.519839,0.0137615,0.0396264,0.0161657,-0.195429,-0.0398332,0.0148865,-0.195609,0.121371,0.00645983,-0.151919,-0.121138,0.00581741,-0.153035,1.59931e-05,-0.000113963,9.89848e-06,-1.57322e-05,-0.000113764,9.58755e-06,1.17358e-05,-3.0755e-05,-0.000107275,-1.18271e-05,-3.07999e-05,-0.000107368,0,0,0,0,0,0,0,0,0,0,0,0,0,0,0.2,0.1,2,-0.0436437,-0.00432957,0.326126,-0.0966586,0,0
1.74506e+09,2,9.49889e-07,-0.000140445,-2.77586e-07,-0.0215742,-0.00019889,-0.999767,-1.01097,1.15623,0.557269,0.0396328,0.0161203,-0.195426,-0.0398395,0.014841,-0.195605,0.121375,0.00644755,-0.151961,-0.121143,0.00580502,-0.153078,1.60195e-05,-0.000113639,9.46475e-06,-1.57652e-05,-0.00011344,9.15371e-06,1.17132e-05,-3.08004e-05,-0.000107048,-1.18099e-05,-3.08447e-05,-0.000107141,0,0,0,0,0,0,0,0,0,0,0,0,0,0,0.2,0.1,2,-0.0436616,-0.00433016,0.326122,-0.0966615,0,0
1.74506e+09,2,9.48827e-07,-0.000139289,-2.76819e-07,-0.0215854,-0.000198966,-0.999767,-1.27988,-1.24154,0.304751,0.0396393,0.0160748,-0.195422,-0.0398458,0.0147957,-0.195601,0.12138,0.00643528,-0.152004,-0.121148,0.00579274,-0.153121,1.60482e-05,-0.000113314,9.03696e-06,-1.57949e-05,-0.000113115,8.72638e-06,1.16926e-05,-3.08449e-05,-0.000106817,-1.17897e-05,-3.0889e-05,-0.000106909,0,0,0,0,0,0,0,0,0,0,0,0,0,0,0.2,0.1,2,-0.0436778,-0.00433069,0.326119,-0.096664,0,0
1.74506e+09,2,9.46505e-07,-0.000138144,-2.76168e-07,-0.0215965,-0.000199042,-0.999767,-0.987595,0.440823,-0.408701,0.0396457,0.0160296,-0.195418,-0.0398521,0.0147505,-0.195598,0.121385,0.00642288,-0.152047,-0.121152,0.00578034,-0.153164,1.60762e-05,-0.000112998,8.62235e-06,-1.58233e-05,-0.000112799,8.31223e-06,1.16729e-05,-3.08875e-05,-0.000106591,-1.17699e-05,-3.09315e-05,-0.000106683,0,0,0,0,0,0,0,0,0,0,0,0,0,0,0.2,0.1,2,-0.043694,-0.00433123,0.326115,-0.0966666,0,0
1.74506e+09,2,9.43841e-07,-0.000136897,-2.75476e-07,-0.0216086,-0.000199126,-0.999766,0.52173,1.94332,0.0425572,0.0396528,0.0159799,-0.195415,-0.0398591,0.014701,-0.195594,0.12139,0.00640929,-0.152094,-0.121158,0.00576675,-0.153211,1.61057e-05,-0.000112665,8.1856e-06,-1.58531e-05,-0.000112467,7.87595e-06,1.16525e-05,-3.09327e-05,-0.000106355,-1.17493e-05,-3.09765e-05,-0.000106447,0,0,0,0,0,0,0,0,0,0,0,0,0,0,0.2,0.1,2,-0.0437101,-0.00433176,0.326112,-0.0966692,0,0
1.74506e+09,2,9.40958e-07,-0.00013558,-2.74699e-07,-0.0216216,-0.000199217,-0.999766,0.606875,-0.20451,-0.74472,0.0396605,0.015926,-0.195411,-0.0398667,0.0146471,-0.195591,0.121396,0.00639439,-0.152145,-0.121163,0.00575185,-0.153262,1.61382e-05,-0.000112284,7.70378e-06,-1.58859e-05,-0.000112086,7.39476e-06,1.16279e-05,-3.09811e-05,-0.000106073,-1.17245e-05,-3.10247e-05,-0.000106164,0,0,0,0,0,0,0,0,0,0,0,0,0,0,0.2,0.1,2,-0.0437326,-0.0043325,0.326107,-0.0966717,0,0
1.74506e+09,2,9.38335e-07,-0.000134376,-2.74009e-07,-0.0216335,-0.0001993,-0.999766,1.81456,1.03252,0.734055,0.0396676,0.0158767,-0.195408,-0.0398737,0.0145979,-0.195588,0.121401,0.0063808,-0.152191,-0.121168,0.00573814,-0.153308,1.6166e-05,-0.00011196,7.28863e-06,-1.59141e-05,-0.000111763,6.98007e-06,1.16076e-05,-3.10233e-05,-0.000105837,-1.1704e-05,-3.10668e-05,-0.000105928,0,0,0,0,0,0,0,0,0,0,0,0,0,0,0.2,0.1,2,-0.043747,-0.00433298,0.326104,-0.0966752,0,0
1.74506e+09,2,9.35969e-07,-0.000133307,-2.73371e-07,-0.0216442,-0.000199376,-0.999766,0.716401,-1.14762,-0.152444,0.0396741,0.0158319,-0.195405,-0.03988,0.0145532,-0.195585,0.121405,0.0063684,-0.152234,-0.121173,0.00572574,-0.153351,1.61912e-05,-0.000111658,6.91169e-06,-1.59396e-05,-0.00011146,6.60361e-06,1.1588e-05,-3.10605e-05,-0.000105611,-1.16843e-05,-3.11038e-05,-0.000105702,0,0,0,0,0,0,0,0,0,0,0,0,0,0,0.2,0.1,2,-0.043763,-0.0043335,0.326101,-0.0966777,0,0
1.74506e+09,2,9.33621e-07,-0.000132258,-2.7273e-07,-0.0216548,-0.000199451,-0.999766,1.06254,0.712679,-0.0636318,0.0396806,0.0157874,-0.195402,-0.0398864,0.0145087,-0.195582,0.12141,0.00635588,-0.152276,-0.121178,0.00571334,-0.153393,1.6216e-05,-0.000111357,6.54141e-06,-1.59646e-05,-0.00011116,6.23383e-06,1.15683e-05,-3.10967e-05,-0.000105383,-1.16645e-05,-3.11399e-05,-0.000105474,0,0,0,0,0,0,0,0,0,0,0,0,0,0,0.2,0.1,2,-0.0437805,-0.00433408,0.326097,-0.0966807,0,0
1.74506e+09,2,9.31285e-07,-0.00013122,-2.72093e-07,-0.0216653,-0.000199526,-0.999765,-1.22423,-1.1841,0.148362,0.039687,0.0157428,-0.1954,-0.0398928,0.0144643,-0.19558,0.121415,0.00634348,-0.152318,-0.121182,0.00570083,-0.153435,1.62399e-05,-0.000111061,6.18121e-06,-1.59889e-05,-0.000110865,5.8741e-06,1.1549e-05,-3.11316e-05,-0.000105159,-1.1645e-05,-3.11747e-05,-0.000105249,0,0,0,0,0,0,0,0,0,0,0,0,0,0,0.2,0.1,2,-0.0437964,-0.00433461,0.326094,-0.0966833,0,0
1.74506e+09,2,9.28973e-07,-0.000130209,-2.71449e-07,-0.0216758,-0.000199601,-0.999765,-1.80431,-0.893544,0.495596,0.0396936,0.0156985,-0.195397,-0.0398992,0.01442,-0.195578,0.121419,0.00633109,-0.15236,-0.121187,0.00568831,-0.153477,1.62636e-05,-0.000110762,5.8239e-06,-1.60129e-05,-0.000110565,5.51732e-06,1.15289e-05,-3.11658e-05,-0.000104926,-1.16248e-05,-3.12088e-05,-0.000105016,0,0,0,0,0,0,0,0,0,0,0,0,0,0,0.2,0.1,2,-0.0438123,-0.00433513,0.32609,-0.096686,0,0
1.74506e+09,2,9.26429e-07,-0.000129099,-2.70753e-07,-0.0216872,-0.000199683,-0.999765,0.909316,0.460002,0.461441,0.0397007,0.0156499,-0.195395,-0.0399063,0.0143715,-0.195575,0.121424,0.00631726,-0.152406,-0.121192,0.0056746,-0.153523,1.62885e-05,-0.000110448,5.44792e-06,-1.60381e-05,-0.000110251,5.14185e-06,1.15082e-05,-3.12012e-05,-0.000104684,-1.16039e-05,-3.1244e-05,-0.000104773,0,0,0,0,0,0,0,0,0,0,0,0,0,0,0.2,0.1,2,-0.0438281,-0.00433565,0.326087,-0.0966886,0,0
1.74506e+09,2,9.24138e-07,-0.000128107,-2.70123e-07,-0.0216975,-0.000199757,-0.999765,-0.176848,-1.91996,0.352993,0.0397072,0.0156057,-0.195393,-0.0399127,0.0143274,-0.195573,0.121429,0.00630486,-0.152448,-0.121197,0.00566208,-0.153565,1.63104e-05,-0.000110167,5.11547e-06,-1.60603e-05,-0.000109971,4.80986e-06,1.14895e-05,-3.12327e-05,-0.000104466,-1.15852e-05,-3.12754e-05,-0.000104555,0,0,0,0,0,0,0,0,0,0,0,0,0,0,0.2,0.1,2,-0.0438439,-0.00433617,0.326083,-0.0966913,0,0
1.74506e+09,3,9.21855e-07,-0.000127135,-2.69486e-07,-0.0217077,-0.000199832,-0.999764,0.452232,-0.12761,0.711695,0.0397138,0.0155617,-0.195391,-0.0399191,0.0142835,-0.195571,0.121433,0.00629234,-0.15249,-0.121201,0.00564957,-0.153607,1.63321e-05,-0.000109883,4.78567e-06,-1.60823e-05,-0.000109687,4.48055e-06,1.14704e-05,-3.12627e-05,-0.000104241,-1.15658e-05,-3.13053e-05,-0.00010433,0,0,0,0,0,0,0,0,0,0,0,0,0,0,0.2,0.1,2,-0.0438612,-0.00433674,0.32608,-0.0966942,0,0
1.74506e+09,3,9.19584e-07,-0.000126178,-2.6885e-07,-0.0217178,-0.000199906,-0.999764,-1.71014,1.65292,-0.482991,0.0397203,0.0155178,-0.195389,-0.0399256,0.0142397,-0.19557,0.121438,0.00627983,-0.152531,-0.121206,0.00563705,-0.153649,1.63532e-05,-0.0001096,4.4626e-06,-1.61037e-05,-0.000109405,4.15797e-06,1.14512e-05,-3.12916e-05,-0.000104016,-1.15465e-05,-3.13341e-05,-0.000104104,0,0,0,0,0,0,0,0,0,0,0,0,0,0,0.2,0.1,2,-0.0438769,-0.00433726,0.326076,-0.0966969,0,0
1.74506e+09,3,9.17101e-07,-0.000125141,-2.6815e-07,-0.0217289,-0.000199987,-0.999764,0.71837,-0.216236,-0.685035,0.0397275,0.0154697,-0.195387,-0.0399326,0.0141916,-0.195568,0.121443,0.006266,-0.152577,-0.121211,0.00562322,-0.153694,1.63759e-05,-0.000109293,4.11573e-06,-1.61267e-05,-0.000109098,3.81165e-06,1.14301e-05,-3.13223e-05,-0.000103769,-1.15254e-05,-3.13646e-05,-0.000103857,0,0,0,0,0,0,0,0,0,0,0,0,0,0,0.2,0.1,2,-0.0438926,-0.00433778,0.326073,-0.0966996,0,0
1.74506e+09,3,9.14857e-07,-0.000124209,-2.67521e-07,-0.0217388,-0.000200061,-0.999764,-1.65855,-1.00671,0.712566,0.0397341,0.015426,-0.195385,-0.0399391,0.014148,-0.195566,0.121448,0.00625348,-0.152618,-0.121216,0.0056107,-0.153736,1.63956e-05,-0.000109023,3.81177e-06,-1.61468e-05,-0.000108829,3.50815e-06,1.14117e-05,-3.13491e-05,-0.000103551,-1.15068e-05,-3.13913e-05,-0.000103639,0,0,0,0,0,0,0,0,0,0,0,0,0,0,0.2,0.1,2,-0.0439098,-0.00433835,0.326069,-0.0967025,0,0
1.74506e+09,3,9.12621e-07,-0.000123298,-2.66885e-07,-0.0217487,-0.000200134,-0.999764,-1.41802,1.73123,0.270204,0.0397406,0.0153825,-0.195384,-0.0399456,0.0141045,-0.195565,0.121452,0.00624096,-0.15266,-0.12122,0.00559819,-0.153777,1.64152e-05,-0.000108748,3.50925e-06,-1.61667e-05,-0.000108553,3.20614e-06,1.13926e-05,-3.13744e-05,-0.000103326,-1.14876e-05,-3.14165e-05,-0.000103413,0,0,0,0,0,0,0,0,0,0,0,0,0,0,0.2,0.1,2,-0.0439253,-0.00433886,0.326066,-0.0967052,0,0
1.74506e+09,3,9.104e-07,-0.000122402,-2.66246e-07,-0.0217585,-0.000200208,-0.999763,-0.335143,-1.79494,0.518456,0.0397472,0.015339,-0.195382,-0.039952,0.0140612,-0.195564,0.121457,0.00622845,-0.152701,-0.121225,0.00558555,-0.153819,1.64345e-05,-0.000108472,3.21157e-06,-1.61863e-05,-0.000108278,2.90898e-06,1.13732e-05,-3.1399e-05,-0.000103098,-1.14681e-05,-3.1441e-05,-0.000103185,0,0,0,0,0,0,0,0,0,0,0,0,0,0,0.2,0.1,2,-0.0439409,-0.00433937,0.326062,-0.096708,0,0
1.74506e+09,3,9.0796e-07,-0.000121417,-2.6556e-07,-0.0217693,-0.000200288,-0.999763,-1.63353,1.74486,-0.488798,0.0397544,0.0152913,-0.195381,-0.0399592,0.0140136,-0.195563,0.121462,0.00621462,-0.152746,-0.12123,0.00557172,-0.153864,1.64544e-05,-0.000108187,2.90132e-06,-1.62065e-05,-0.000107993,2.59922e-06,1.13536e-05,-3.14246e-05,-0.000102863,-1.14483e-05,-3.14664e-05,-0.00010295,0,0,0,0,0,0,0,0,0,0,0,0,0,0,0.2,0.1,2,-0.0439564,-0.00433988,0.326059,-0.0967106,0,0
1.74506e+09,3,9.05755e-07,-0.000120546,-2.64925e-07,-0.0217789,-0.000200361,-0.999763,0.667442,-0.51511,-0.12678,0.039761,0.0152481,-0.19538,-0.0399657,0.0139705,-0.195562,0.121466,0.00620198,-0.152787,-0.121234,0.00555921,-0.153905,1.64725e-05,-0.000107919,2.61873e-06,-1.62249e-05,-0.000107725,2.31714e-06,1.13347e-05,-3.14464e-05,-0.000102639,-1.14293e-05,-3.14881e-05,-0.000102726,0,0,0,0,0,0,0,0,0,0,0,0,0,0,0.2,0.1,2,-0.0439734,-0.00434045,0.326055,-0.0967137,0,0
1.74506e+09,3,9.03557e-07,-0.000119683,-2.64294e-07,-0.0217885,-0.000200434,-0.999763,1.31041,0.552511,0.266404,0.0397676,0.015205,-0.195379,-0.0399721,0.0139275,-0.195561,0.121471,0.00618947,-0.152828,-0.121239,0.00554657,-0.153946,1.649e-05,-0.000107656,2.34396e-06,-1.62428e-05,-0.000107463,2.04285e-06,1.13162e-05,-3.14673e-05,-0.000102419,-1.14107e-05,-3.15089e-05,-0.000102505,0,0,0,0,0,0,0,0,0,0,0,0,0,0,0.2,0.1,2,-0.0439888,-0.00434095,0.326051,-0.0967164,0,0
1.74506e+09,3,9.01159e-07,-0.000118756,-2.63596e-07,-0.021799,-0.000200514,-0.999762,1.69166,-0.194276,-0.61084,0.0397749,0.0151577,-0.195378,-0.0399793,0.0138802,-0.19556,0.121476,0.00617552,-0.152874,-0.121244,0.00553274,-0.153991,1.65089e-05,-0.000107366,2.0463e-06,-1.6262e-05,-0.000107173,1.74576e-06,1.12954e-05,-3.14893e-05,-0.000102172,-1.13898e-05,-3.15307e-05,-0.000102257,0,0,0,0,0,0,0,0,0,0,0,0,0,0,0.2,0.1,2,-0.0440042,-0.00434146,0.326048,-0.0967191,0,0
1.74506e+09,3,8.98983e-07,-0.000117921,-2.62965e-07,-0.0218085,-0.000200586,-0.999762,1.36521,0.707364,0.661849,0.0397815,0.0151148,-0.195377,-0.0399858,0.0138374,-0.195559,0.12148,0.006163,-0.152914,-0.121249,0.00552011,-0.154032,1.65255e-05,-0.000107108,1.78377e-06,-1.6279e-05,-0.000106915,1.48372e-06,1.1277e-05,-3.15078e-05,-0.000101951,-1.13713e-05,-3.15492e-05,-0.000102037,0,0,0,0,0,0,0,0,0,0,0,0,0,0,0.2,0.1,2,-0.0440196,-0.00434197,0.326045,-0.0967218,0,0
1.74506e+09,3,8.96169e-07,-0.000116848,-2.6215e-07,-0.0218207,-0.00020068,-0.999762,-1.37919,0.798192,0.118588,0.0397901,0.0150592,-0.195377,-0.0399943,0.0137819,-0.195559,0.121486,0.00614655,-0.152967,-0.121255,0.00550365,-0.154085,1.65463e-05,-0.00010678,1.45376e-06,-1.63001e-05,-0.000106587,1.15433e-06,1.12536e-05,-3.15308e-05,-0.00010167,-1.13477e-05,-3.1572e-05,-0.000101755,0,0,0,0,0,0,0,0,0,0,0,0,0,0,0.2,0.1,2,-0.0440395,-0.00434263,0.32604,-0.0967249,0,0
1.74506e+09,3,8.94018e-07,-0.000116037,-2.61526e-07,-0.02183,-0.000200752,-0.999762,0.120037,1.2847,-0.139728,0.0397967,0.0150166,-0.195376,-0.0400008,0.0137393,-0.195558,0.121491,0.00613391,-0.153008,-0.121259,0.00549102,-0.154126,1.65617e-05,-0.000106532,1.20752e-06,-1.63159e-05,-0.000106339,9.08558e-07,1.12359e-05,-3.15474e-05,-0.000101456,-1.13298e-05,-3.15885e-05,-0.000101541,0,0,0,0,0,0,0,0,0,0,0,0,0,0,0.2,0.1,2,-0.0440563,-0.00434318,0.326036,-0.0967284,0,0
1.74506e+09,3,8.91873e-07,-0.000115242,-2.60896e-07,-0.0218392,-0.000200824,-0.999761,-0.424713,1.17141,0.57342,0.0398033,0.014974,-0.195376,-0.0400073,0.0136968,-0.195558,0.121495,0.0061214,-0.153048,-0.121264,0.00547838,-0.154166,1.65769e-05,-0.000106279,9.63177e-07,-1.63314e-05,-0.000106088,6.64714e-07,1.12176e-05,-3.15626e-05,-0.000101237,-1.13115e-05,-3.16035e-05,-0.000101321,0,0,0,0,0,0,0,0,0,0,0,0,0,0,0.2,0.1,2,-0.0440715,-0.00434368,0.326033,-0.0967312,0,0
1.74506e+09,3,8.89746e-07,-0.000114468,-2.60261e-07,-0.0218484,-0.000200896,-0.999761,-1.55527,1.33817,-0.3859,0.0398099,0.0149316,-0.195375,-0.0400139,0.0136545,-0.195558,0.1215,0.00610876,-0.153089,-0.121268,0.00546575,-0.154207,1.6592e-05,-0.000106024,7.20708e-07,-1.63468e-05,-0.000105832,4.22782e-07,1.11988e-05,-3.1577e-05,-0.00010101,-1.12925e-05,-3.16179e-05,-0.000101094,0,0,0,0,0,0,0,0,0,0,0,0,0,0,0.2,0.1,2,-0.0440867,-0.00434418,0.326029,-0.096734,0,0
1.74506e+09,3,8.87623e-07,-0.0001137,-2.59629e-07,-0.0218575,-0.000200967,-0.999761,1.01335,-0.0893162,-0.74165,0.0398166,0.0148892,-0.195375,-0.0400204,0.0136122,-0.195558,0.121504,0.00609612,-0.153129,-0.121273,0.00545311,-0.154247,1.66065e-05,-0.000105773,4.85294e-07,-1.63616e-05,-0.000105581,1.87885e-07,1.11803e-05,-3.15902e-05,-0.000100788,-1.1274e-05,-3.16309e-05,-0.000100872,0,0,0,0,0,0,0,0,0,0,0,0,0,0,0.2,0.1,2,-0.0441018,-0.00434468,0.326026,-0.0967367,0,0
1.74506e+09,3,8.85286e-07,-0.000112854,-2.58945e-07,-0.0218675,-0.000201046,-0.999761,-1.74575,-0.378904,-0.170634,0.0398239,0.0148427,-0.195375,-0.0400276,0.0135658,-0.195558,0.121509,0.00608218,-0.153173,-0.121278,0.00543916,-0.154291,1.66217e-05,-0.000105508,2.37508e-07,-1.63772e-05,-0.000105317,-5.93878e-08,1.11612e-05,-3.16033e-05,-0.000100555,-1.12548e-05,-3.16439e-05,-0.000100638,0,0,0,0,0,0,0,0,0,0,0,0,0,0,0.2,0.1,2,-0.044117,-0.00434518,0.326022,-0.0967394,0,0
